_id,customerId,productId,interactionType
64440ba86114678ff14f7d76,6444081c6114678ff14f7ca0,644408526114678ff14f7cd0,1
64440ba86114678ff14f7d77,6444081c6114678ff14f7c77,644408526114678ff14f7d31,2
64440ba86114678ff14f7d78,6444081c6114678ff14f7ca5,644408526114678ff14f7cf4,3
64440ba86114678ff14f7d79,6444081c6114678ff14f7c85,644408526114678ff14f7caa,2
64440ba86114678ff14f7d7a,6444081c6114678ff14f7c7b,644408526114678ff14f7ccf,2
64440ba86114678ff14f7d7b,6444081c6114678ff14f7c87,644408526114678ff14f7d3d,3
64440ba86114678ff14f7d7c,6444081c6114678ff14f7c89,644408526114678ff14f7d45,2
64440ba86114678ff14f7d7d,6444081c6114678ff14f7c95,644408526114678ff14f7d45,1
64440ba86114678ff14f7d7e,6444081c6114678ff14f7c91,644408526114678ff14f7cfb,1
64440ba86114678ff14f7d7f,6444081c6114678ff14f7c86,644408526114678ff14f7d2e,1
64440ba86114678ff14f7d80,6444081c6114678ff14f7c93,644408526114678ff14f7d59,2
64440ba86114678ff14f7d81,6444081c6114678ff14f7c9d,644408526114678ff14f7d50,2
64440ba86114678ff14f7d82,6444081c6114678ff14f7c92,644408526114678ff14f7ced,3
64440ba86114678ff14f7d83,6444081c6114678ff14f7c8c,644408526114678ff14f7ce5,2
64440ba86114678ff14f7d84,6444081c6114678ff14f7c97,644408526114678ff14f7d68,1
64440ba86114678ff14f7d85,6444081c6114678ff14f7c81,644408526114678ff14f7d52,3
64440ba86114678ff14f7d86,6444081c6114678ff14f7c9b,644408526114678ff14f7cbb,2
64440ba86114678ff14f7d87,6444081c6114678ff14f7c80,644408526114678ff14f7d00,2
64440ba86114678ff14f7d88,6444081c6114678ff14f7c81,644408526114678ff14f7d0d,3
64440ba86114678ff14f7d89,6444081c6114678ff14f7c7b,644408526114678ff14f7cbd,2
64440ba86114678ff14f7d8a,6444081c6114678ff14f7ca2,644408526114678ff14f7cb0,1
64440ba86114678ff14f7d8b,6444081c6114678ff14f7c7e,644408526114678ff14f7ce9,2
64440ba86114678ff14f7d8c,6444081c6114678ff14f7c7d,644408526114678ff14f7cde,3
64440ba86114678ff14f7d8d,6444081c6114678ff14f7c7d,644408526114678ff14f7d29,3
64440ba86114678ff14f7d8e,6444081c6114678ff14f7c7b,644408526114678ff14f7cf4,1
64440ba86114678ff14f7d8f,6444081c6114678ff14f7c9b,644408526114678ff14f7d38,2
64440ba86114678ff14f7d90,6444081c6114678ff14f7c99,644408526114678ff14f7cae,1
64440ba86114678ff14f7d91,6444081c6114678ff14f7c8b,644408526114678ff14f7cc3,1
64440ba86114678ff14f7d92,6444081c6114678ff14f7ca6,644408526114678ff14f7cf4,1
64440ba86114678ff14f7d93,6444081c6114678ff14f7c86,644408526114678ff14f7d60,1
64440ba86114678ff14f7d94,6444081c6114678ff14f7c82,644408526114678ff14f7d5d,1
64440ba86114678ff14f7d95,6444081c6114678ff14f7c99,644408526114678ff14f7cdb,2
64440ba86114678ff14f7d96,6444081c6114678ff14f7c97,644408526114678ff14f7ca9,1
64440ba86114678ff14f7d97,6444081c6114678ff14f7c75,644408526114678ff14f7d70,2
64440ba86114678ff14f7d98,6444081c6114678ff14f7c9a,644408526114678ff14f7d2c,1
64440ba86114678ff14f7d99,6444081c6114678ff14f7c99,644408526114678ff14f7cfe,1
64440ba86114678ff14f7d9a,6444081c6114678ff14f7c8a,644408526114678ff14f7cac,3
64440ba86114678ff14f7d9b,6444081c6114678ff14f7c9e,644408526114678ff14f7cd1,2
64440ba86114678ff14f7d9c,6444081c6114678ff14f7c97,644408526114678ff14f7ced,3
64440ba86114678ff14f7d9d,6444081c6114678ff14f7c8b,644408526114678ff14f7cc6,2
64440ba86114678ff14f7d9e,6444081c6114678ff14f7c87,644408526114678ff14f7cce,3
64440ba86114678ff14f7d9f,6444081c6114678ff14f7c75,644408526114678ff14f7d40,1
64440ba86114678ff14f7da0,6444081c6114678ff14f7c79,644408526114678ff14f7d34,2
64440ba86114678ff14f7da1,6444081c6114678ff14f7c91,644408526114678ff14f7d4f,3
64440ba86114678ff14f7da2,6444081c6114678ff14f7c7b,644408526114678ff14f7d48,2
64440ba86114678ff14f7da3,6444081c6114678ff14f7c8b,644408526114678ff14f7d52,1
64440ba86114678ff14f7da4,6444081c6114678ff14f7c9c,644408526114678ff14f7d17,1
64440ba86114678ff14f7da5,6444081c6114678ff14f7c91,644408526114678ff14f7d10,2
64440ba86114678ff14f7da6,6444081c6114678ff14f7c78,644408526114678ff14f7cac,3
64440ba86114678ff14f7da7,6444081c6114678ff14f7ca6,644408526114678ff14f7d2c,1
64440ba86114678ff14f7da8,6444081c6114678ff14f7c9e,644408526114678ff14f7d70,3
64440ba86114678ff14f7da9,6444081c6114678ff14f7c77,644408526114678ff14f7d67,1
64440ba86114678ff14f7daa,6444081c6114678ff14f7c88,644408526114678ff14f7d1f,2
64440ba86114678ff14f7dab,6444081c6114678ff14f7c93,644408526114678ff14f7d2b,2
64440ba86114678ff14f7dac,6444081c6114678ff14f7c94,644408526114678ff14f7d56,2
64440ba86114678ff14f7dad,6444081c6114678ff14f7c8c,644408526114678ff14f7d6a,1
64440ba86114678ff14f7dae,6444081c6114678ff14f7c7e,644408526114678ff14f7d35,1
64440ba86114678ff14f7daf,6444081c6114678ff14f7c8d,644408526114678ff14f7cae,1
64440ba86114678ff14f7db0,6444081c6114678ff14f7c83,644408526114678ff14f7cd1,3
64440ba86114678ff14f7db1,6444081c6114678ff14f7ca1,644408526114678ff14f7d3e,2
64440ba86114678ff14f7db2,6444081c6114678ff14f7c7a,644408526114678ff14f7ce1,2
64440ba86114678ff14f7db3,6444081c6114678ff14f7c83,644408526114678ff14f7cba,2
64440ba86114678ff14f7db4,6444081c6114678ff14f7c98,644408526114678ff14f7d40,2
64440ba86114678ff14f7db5,6444081c6114678ff14f7c9c,644408526114678ff14f7d08,3
64440ba86114678ff14f7db6,6444081c6114678ff14f7ca1,644408526114678ff14f7cdb,2
64440ba86114678ff14f7db7,6444081c6114678ff14f7c8b,644408526114678ff14f7d67,3
64440ba86114678ff14f7db8,6444081c6114678ff14f7c94,644408526114678ff14f7d3e,1
64440ba86114678ff14f7db9,6444081c6114678ff14f7ca2,644408526114678ff14f7cff,1
64440ba86114678ff14f7dba,6444081c6114678ff14f7ca2,644408526114678ff14f7ce9,2
64440ba86114678ff14f7dbb,6444081c6114678ff14f7c89,644408526114678ff14f7cf7,1
64440ba86114678ff14f7dbc,6444081c6114678ff14f7c94,644408526114678ff14f7cfd,1
64440ba86114678ff14f7dbd,6444081c6114678ff14f7c7d,644408526114678ff14f7cd8,2
64440ba86114678ff14f7dbe,6444081c6114678ff14f7ca1,644408526114678ff14f7d15,2
64440ba86114678ff14f7dbf,6444081c6114678ff14f7c89,644408526114678ff14f7d56,1
64440ba86114678ff14f7dc0,6444081c6114678ff14f7c91,644408526114678ff14f7d59,1
64440ba86114678ff14f7dc1,6444081c6114678ff14f7c9c,644408526114678ff14f7caa,2
64440ba86114678ff14f7dc2,6444081c6114678ff14f7c8b,644408526114678ff14f7cb4,3
64440ba86114678ff14f7dc3,6444081c6114678ff14f7ca5,644408526114678ff14f7d17,1
64440ba86114678ff14f7dc4,6444081c6114678ff14f7c85,644408526114678ff14f7d04,1
64440ba86114678ff14f7dc5,6444081c6114678ff14f7c92,644408526114678ff14f7d22,1
64440ba86114678ff14f7dc6,6444081c6114678ff14f7c7a,644408526114678ff14f7cee,2
64440ba86114678ff14f7dc7,6444081c6114678ff14f7c82,644408526114678ff14f7d07,3
64440ba86114678ff14f7dc8,6444081c6114678ff14f7c8d,644408526114678ff14f7d32,1
64440ba86114678ff14f7dc9,6444081c6114678ff14f7c96,644408526114678ff14f7d37,1
64440ba86114678ff14f7dca,6444081c6114678ff14f7c89,644408526114678ff14f7cb7,2
64440ba86114678ff14f7dcb,6444081c6114678ff14f7c87,644408526114678ff14f7d15,2
64440ba86114678ff14f7dcc,6444081c6114678ff14f7c86,644408526114678ff14f7d62,3
64440ba86114678ff14f7dcd,6444081c6114678ff14f7c77,644408526114678ff14f7cee,3
64440ba86114678ff14f7dce,6444081c6114678ff14f7c95,644408526114678ff14f7cf5,1
64440ba86114678ff14f7dcf,6444081c6114678ff14f7c95,644408526114678ff14f7cfb,2
64440ba86114678ff14f7dd0,6444081c6114678ff14f7ca2,644408526114678ff14f7d63,2
64440ba86114678ff14f7dd1,6444081c6114678ff14f7ca4,644408526114678ff14f7cbb,3
64440ba86114678ff14f7dd2,6444081c6114678ff14f7c9c,644408526114678ff14f7d39,3
64440ba86114678ff14f7dd3,6444081c6114678ff14f7c80,644408526114678ff14f7d18,3
64440ba86114678ff14f7dd4,6444081c6114678ff14f7c8e,644408526114678ff14f7d2e,1
64440ba86114678ff14f7dd5,6444081c6114678ff14f7c87,644408526114678ff14f7d0a,3
64440ba86114678ff14f7dd6,6444081c6114678ff14f7c9a,644408526114678ff14f7cff,2
64440ba86114678ff14f7dd7,6444081c6114678ff14f7c81,644408526114678ff14f7d64,3
64440ba86114678ff14f7dd8,6444081c6114678ff14f7c75,644408526114678ff14f7d22,2
64440ba86114678ff14f7dd9,6444081c6114678ff14f7c93,644408526114678ff14f7cea,2
64440ba86114678ff14f7dda,6444081c6114678ff14f7c8f,644408526114678ff14f7cf1,1
64440ba86114678ff14f7ddb,6444081c6114678ff14f7ca1,644408526114678ff14f7d53,3
64440ba86114678ff14f7ddc,6444081c6114678ff14f7c98,644408526114678ff14f7cb6,2
64440ba86114678ff14f7ddd,6444081c6114678ff14f7c79,644408526114678ff14f7d2d,1
64440ba86114678ff14f7dde,6444081c6114678ff14f7c7d,644408526114678ff14f7d56,1
64440ba86114678ff14f7ddf,6444081c6114678ff14f7c7a,644408526114678ff14f7d20,1
64440ba86114678ff14f7de0,6444081c6114678ff14f7c80,644408526114678ff14f7d14,2
64440ba86114678ff14f7de1,6444081c6114678ff14f7c77,644408526114678ff14f7d70,2
64440ba86114678ff14f7de2,6444081c6114678ff14f7c89,644408526114678ff14f7cca,2
64440ba86114678ff14f7de3,6444081c6114678ff14f7c75,644408526114678ff14f7d5c,2
64440ba86114678ff14f7de4,6444081c6114678ff14f7c81,644408526114678ff14f7cca,2
64440ba86114678ff14f7de5,6444081c6114678ff14f7c81,644408526114678ff14f7d35,3
64440ba86114678ff14f7de6,6444081c6114678ff14f7c8d,644408526114678ff14f7cd8,3
64440ba86114678ff14f7de7,6444081c6114678ff14f7c87,644408526114678ff14f7d1f,2
64440ba86114678ff14f7de8,6444081c6114678ff14f7c8d,644408526114678ff14f7d51,2
64440ba86114678ff14f7de9,6444081c6114678ff14f7c8f,644408526114678ff14f7d1e,2
64440ba86114678ff14f7dea,6444081c6114678ff14f7ca3,644408526114678ff14f7cab,2
64440ba86114678ff14f7deb,6444081c6114678ff14f7ca0,644408526114678ff14f7cd7,2
64440ba86114678ff14f7dec,6444081c6114678ff14f7c76,644408526114678ff14f7d15,2
64440ba86114678ff14f7ded,6444081c6114678ff14f7c7c,644408526114678ff14f7d55,2
64440ba86114678ff14f7dee,6444081c6114678ff14f7c7c,644408526114678ff14f7cdb,1
64440ba86114678ff14f7def,6444081c6114678ff14f7c80,644408526114678ff14f7d3f,1
64440ba86114678ff14f7df0,6444081c6114678ff14f7c9b,644408526114678ff14f7ceb,2
64440ba86114678ff14f7df1,6444081c6114678ff14f7c8f,644408526114678ff14f7d3e,1
64440ba86114678ff14f7df2,6444081c6114678ff14f7c8b,644408526114678ff14f7cd6,2
64440ba86114678ff14f7df3,6444081c6114678ff14f7ca0,644408526114678ff14f7d13,3
64440ba86114678ff14f7df4,6444081c6114678ff14f7ca0,644408526114678ff14f7d6d,2
64440ba86114678ff14f7df5,6444081c6114678ff14f7c90,644408526114678ff14f7d47,2
64440ba86114678ff14f7df6,6444081c6114678ff14f7c9e,644408526114678ff14f7ce0,1
64440ba86114678ff14f7df7,6444081c6114678ff14f7c78,644408526114678ff14f7d52,3
64440ba86114678ff14f7df8,6444081c6114678ff14f7c85,644408526114678ff14f7cbb,1
64440ba86114678ff14f7df9,6444081c6114678ff14f7c88,644408526114678ff14f7cbd,3
64440ba86114678ff14f7dfa,6444081c6114678ff14f7c7b,644408526114678ff14f7d34,1
64440ba86114678ff14f7dfb,6444081c6114678ff14f7c8c,644408526114678ff14f7ce6,2
64440ba86114678ff14f7dfc,6444081c6114678ff14f7c98,644408526114678ff14f7cb8,1
64440ba86114678ff14f7dfd,6444081c6114678ff14f7c93,644408526114678ff14f7d2e,3
64440ba86114678ff14f7dfe,6444081c6114678ff14f7c86,644408526114678ff14f7cb3,2
64440ba86114678ff14f7dff,6444081c6114678ff14f7c98,644408526114678ff14f7d1d,2
64440ba86114678ff14f7e00,6444081c6114678ff14f7c90,644408526114678ff14f7cc0,1
64440ba86114678ff14f7e01,6444081c6114678ff14f7c95,644408526114678ff14f7d39,1
64440ba86114678ff14f7e02,6444081c6114678ff14f7c87,644408526114678ff14f7ced,1
64440ba86114678ff14f7e03,6444081c6114678ff14f7c76,644408526114678ff14f7d39,3
64440ba86114678ff14f7e04,6444081c6114678ff14f7c80,644408526114678ff14f7d3b,2
64440ba86114678ff14f7e05,6444081c6114678ff14f7c95,644408526114678ff14f7d33,2
64440ba86114678ff14f7e06,6444081c6114678ff14f7c7e,644408526114678ff14f7d4f,2
64440ba86114678ff14f7e07,6444081c6114678ff14f7c83,644408526114678ff14f7d70,2
64440ba86114678ff14f7e08,6444081c6114678ff14f7c91,644408526114678ff14f7d2d,3
64440ba86114678ff14f7e09,6444081c6114678ff14f7c9d,644408526114678ff14f7cfe,3
64440ba86114678ff14f7e0a,6444081c6114678ff14f7ca2,644408526114678ff14f7d4a,2
64440ba86114678ff14f7e0b,6444081c6114678ff14f7c8e,644408526114678ff14f7cb2,2
64440ba86114678ff14f7e0c,6444081c6114678ff14f7c9d,644408526114678ff14f7d6e,1
64440ba86114678ff14f7e0d,6444081c6114678ff14f7c93,644408526114678ff14f7d15,2
64440ba86114678ff14f7e0e,6444081c6114678ff14f7c7c,644408526114678ff14f7d07,2
64440ba86114678ff14f7e0f,6444081c6114678ff14f7ca3,644408526114678ff14f7cfa,1
64440ba86114678ff14f7e10,6444081c6114678ff14f7ca1,644408526114678ff14f7d0d,3
64440ba86114678ff14f7e11,6444081c6114678ff14f7c80,644408526114678ff14f7d37,2
64440ba86114678ff14f7e12,6444081c6114678ff14f7c97,644408526114678ff14f7caf,1
64440ba86114678ff14f7e13,6444081c6114678ff14f7c7f,644408526114678ff14f7d27,3
64440ba86114678ff14f7e14,6444081c6114678ff14f7c91,644408526114678ff14f7cba,3
64440ba86114678ff14f7e15,6444081c6114678ff14f7c78,644408526114678ff14f7d12,3
64440ba86114678ff14f7e16,6444081c6114678ff14f7c9d,644408526114678ff14f7d1e,1
64440ba86114678ff14f7e17,6444081c6114678ff14f7c88,644408526114678ff14f7cab,1
64440ba86114678ff14f7e18,6444081c6114678ff14f7c91,644408526114678ff14f7cdd,1
64440ba86114678ff14f7e19,6444081c6114678ff14f7c89,644408526114678ff14f7ce1,2
64440ba86114678ff14f7e1a,6444081c6114678ff14f7ca6,644408526114678ff14f7ccd,1
64440ba86114678ff14f7e1b,6444081c6114678ff14f7c94,644408526114678ff14f7ccd,1
64440ba86114678ff14f7e1c,6444081c6114678ff14f7c78,644408526114678ff14f7ced,2
64440ba86114678ff14f7e1d,6444081c6114678ff14f7c79,644408526114678ff14f7d22,1
64440ba86114678ff14f7e1e,6444081c6114678ff14f7c85,644408526114678ff14f7d01,2
64440ba86114678ff14f7e1f,6444081c6114678ff14f7c88,644408526114678ff14f7d0b,1
64440ba86114678ff14f7e20,6444081c6114678ff14f7c89,644408526114678ff14f7d0a,3
64440ba86114678ff14f7e21,6444081c6114678ff14f7c8a,644408526114678ff14f7cbf,3
64440ba86114678ff14f7e22,6444081c6114678ff14f7c97,644408526114678ff14f7d39,3
64440ba86114678ff14f7e23,6444081c6114678ff14f7c77,644408526114678ff14f7cda,3
64440ba86114678ff14f7e24,6444081c6114678ff14f7c84,644408526114678ff14f7cc6,3
64440ba86114678ff14f7e25,6444081c6114678ff14f7c9d,644408526114678ff14f7cd9,3
64440ba86114678ff14f7e26,6444081c6114678ff14f7c91,644408526114678ff14f7cd1,1
64440ba86114678ff14f7e27,6444081c6114678ff14f7c97,644408526114678ff14f7cbc,2
64440ba86114678ff14f7e28,6444081c6114678ff14f7ca5,644408526114678ff14f7cdc,3
64440ba86114678ff14f7e29,6444081c6114678ff14f7c9a,644408526114678ff14f7cec,3
64440ba86114678ff14f7e2a,6444081c6114678ff14f7c79,644408526114678ff14f7d20,2
64440ba86114678ff14f7e2b,6444081c6114678ff14f7c89,644408526114678ff14f7ce9,3
64440ba86114678ff14f7e2c,6444081c6114678ff14f7c86,644408526114678ff14f7cc5,2
64440ba86114678ff14f7e2d,6444081c6114678ff14f7c98,644408526114678ff14f7cfe,2
64440ba86114678ff14f7e2e,6444081c6114678ff14f7c90,644408526114678ff14f7d47,1
64440ba86114678ff14f7e2f,6444081c6114678ff14f7c9b,644408526114678ff14f7d1f,1
64440ba86114678ff14f7e30,6444081c6114678ff14f7c89,644408526114678ff14f7d46,1
64440ba86114678ff14f7e31,6444081c6114678ff14f7ca5,644408526114678ff14f7cfc,1
64440ba86114678ff14f7e32,6444081c6114678ff14f7c76,644408526114678ff14f7d2f,2
64440ba86114678ff14f7e33,6444081c6114678ff14f7c99,644408526114678ff14f7d13,2
64440ba86114678ff14f7e34,6444081c6114678ff14f7c90,644408526114678ff14f7d65,2
64440ba86114678ff14f7e35,6444081c6114678ff14f7c86,644408526114678ff14f7cc0,1
64440ba86114678ff14f7e36,6444081c6114678ff14f7c83,644408526114678ff14f7d19,3
64440ba86114678ff14f7e37,6444081c6114678ff14f7c82,644408526114678ff14f7d2d,3
64440ba86114678ff14f7e38,6444081c6114678ff14f7ca6,644408526114678ff14f7d5f,1
64440ba86114678ff14f7e39,6444081c6114678ff14f7c9f,644408526114678ff14f7cc2,1
64440ba86114678ff14f7e3a,6444081c6114678ff14f7ca5,644408526114678ff14f7d2e,2
64440ba86114678ff14f7e3b,6444081c6114678ff14f7ca2,644408526114678ff14f7cf2,3
64440ba86114678ff14f7e3c,6444081c6114678ff14f7c87,644408526114678ff14f7d2c,3
64440ba86114678ff14f7e3d,6444081c6114678ff14f7c84,644408526114678ff14f7d5b,2
64440ba86114678ff14f7e3e,6444081c6114678ff14f7c79,644408526114678ff14f7d31,3
64440ba86114678ff14f7e3f,6444081c6114678ff14f7c90,644408526114678ff14f7d41,3
64440ba86114678ff14f7e40,6444081c6114678ff14f7c78,644408526114678ff14f7d1a,1
64440ba86114678ff14f7e41,6444081c6114678ff14f7ca1,644408526114678ff14f7cb0,2
64440ba86114678ff14f7e42,6444081c6114678ff14f7c75,644408526114678ff14f7cf6,3
64440ba86114678ff14f7e43,6444081c6114678ff14f7c9d,644408526114678ff14f7d65,1
64440ba86114678ff14f7e44,6444081c6114678ff14f7c81,644408526114678ff14f7cd7,2
64440ba86114678ff14f7e45,6444081c6114678ff14f7c96,644408526114678ff14f7d67,1
64440ba86114678ff14f7e46,6444081c6114678ff14f7c7a,644408526114678ff14f7d54,2
64440ba86114678ff14f7e47,6444081c6114678ff14f7c86,644408526114678ff14f7d44,3
64440ba86114678ff14f7e48,6444081c6114678ff14f7ca2,644408526114678ff14f7cd7,2
64440ba86114678ff14f7e49,6444081c6114678ff14f7c94,644408526114678ff14f7d18,1
64440ba86114678ff14f7e4a,6444081c6114678ff14f7c81,644408526114678ff14f7d43,3
64440ba86114678ff14f7e4b,6444081c6114678ff14f7c9c,644408526114678ff14f7d23,1
64440ba86114678ff14f7e4c,6444081c6114678ff14f7c96,644408526114678ff14f7d27,1
64440ba86114678ff14f7e4d,6444081c6114678ff14f7c77,644408526114678ff14f7d18,2
64440ba86114678ff14f7e4e,6444081c6114678ff14f7ca3,644408526114678ff14f7d2d,3
64440ba86114678ff14f7e4f,6444081c6114678ff14f7c98,644408526114678ff14f7d0d,2
64440ba86114678ff14f7e50,6444081c6114678ff14f7c7a,644408526114678ff14f7d39,2
64440ba86114678ff14f7e51,6444081c6114678ff14f7ca2,644408526114678ff14f7d3c,1
64440ba86114678ff14f7e52,6444081c6114678ff14f7c7f,644408526114678ff14f7d64,1
64440ba86114678ff14f7e53,6444081c6114678ff14f7c7c,644408526114678ff14f7d02,3
64440ba86114678ff14f7e54,6444081c6114678ff14f7c8a,644408526114678ff14f7d1b,3
64440ba86114678ff14f7e55,6444081c6114678ff14f7c82,644408526114678ff14f7d3a,3
64440ba86114678ff14f7e56,6444081c6114678ff14f7c9d,644408526114678ff14f7d14,1
64440ba86114678ff14f7e57,6444081c6114678ff14f7c86,644408526114678ff14f7d2f,1
64440ba86114678ff14f7e58,6444081c6114678ff14f7c7c,644408526114678ff14f7ce4,2
64440ba86114678ff14f7e59,6444081c6114678ff14f7c76,644408526114678ff14f7d61,3
64440ba86114678ff14f7e5a,6444081c6114678ff14f7c93,644408526114678ff14f7ce7,2
64440ba86114678ff14f7e5b,6444081c6114678ff14f7c95,644408526114678ff14f7d2f,3
64440ba86114678ff14f7e5c,6444081c6114678ff14f7c9d,644408526114678ff14f7d56,2
64440ba86114678ff14f7e5d,6444081c6114678ff14f7c95,644408526114678ff14f7d3b,1
64440ba86114678ff14f7e5e,6444081c6114678ff14f7c76,644408526114678ff14f7d40,3
64440ba86114678ff14f7e5f,6444081c6114678ff14f7c89,644408526114678ff14f7d5b,2
64440ba86114678ff14f7e60,6444081c6114678ff14f7c7c,644408526114678ff14f7d6f,3
64440ba86114678ff14f7e61,6444081c6114678ff14f7c8b,644408526114678ff14f7d55,1
64440ba86114678ff14f7e62,6444081c6114678ff14f7c9e,644408526114678ff14f7cb7,2
64440ba86114678ff14f7e63,6444081c6114678ff14f7c7f,644408526114678ff14f7d55,3
64440ba86114678ff14f7e64,6444081c6114678ff14f7c91,644408526114678ff14f7d20,2
64440ba86114678ff14f7e65,6444081c6114678ff14f7c99,644408526114678ff14f7d3f,1
64440ba86114678ff14f7e66,6444081c6114678ff14f7c78,644408526114678ff14f7cd3,1
64440ba86114678ff14f7e67,6444081c6114678ff14f7ca0,644408526114678ff14f7d27,3
64440ba86114678ff14f7e68,6444081c6114678ff14f7c9d,644408526114678ff14f7d3e,1
64440ba86114678ff14f7e69,6444081c6114678ff14f7ca4,644408526114678ff14f7cd2,1
64440ba86114678ff14f7e6a,6444081c6114678ff14f7c85,644408526114678ff14f7cdd,1
64440ba86114678ff14f7e6b,6444081c6114678ff14f7c93,644408526114678ff14f7cfb,2
64440ba86114678ff14f7e6c,6444081c6114678ff14f7c7a,644408526114678ff14f7d3e,1
64440ba86114678ff14f7e6d,6444081c6114678ff14f7c78,644408526114678ff14f7d56,2
64440ba86114678ff14f7e6e,6444081c6114678ff14f7c94,644408526114678ff14f7d10,1
64440ba86114678ff14f7e6f,6444081c6114678ff14f7c7e,644408526114678ff14f7cc4,1
64440ba86114678ff14f7e70,6444081c6114678ff14f7c9f,644408526114678ff14f7d41,1
64440ba86114678ff14f7e71,6444081c6114678ff14f7c86,644408526114678ff14f7cef,3
64440ba86114678ff14f7e72,6444081c6114678ff14f7c79,644408526114678ff14f7cd9,2
64440ba86114678ff14f7e73,6444081c6114678ff14f7c84,644408526114678ff14f7d13,1
64440ba86114678ff14f7e74,6444081c6114678ff14f7ca3,644408526114678ff14f7cb7,1
64440ba86114678ff14f7e75,6444081c6114678ff14f7c75,644408526114678ff14f7cfa,2
64440ba86114678ff14f7e76,6444081c6114678ff14f7c98,644408526114678ff14f7cc2,1
64440ba86114678ff14f7e77,6444081c6114678ff14f7c7b,644408526114678ff14f7d4d,3
64440ba86114678ff14f7e78,6444081c6114678ff14f7c7a,644408526114678ff14f7cdd,1
64440ba86114678ff14f7e79,6444081c6114678ff14f7c99,644408526114678ff14f7d28,2
64440ba86114678ff14f7e7a,6444081c6114678ff14f7c79,644408526114678ff14f7d27,1
64440ba86114678ff14f7e7b,6444081c6114678ff14f7c92,644408526114678ff14f7cce,2
64440ba86114678ff14f7e7c,6444081c6114678ff14f7c90,644408526114678ff14f7d28,1
64440ba86114678ff14f7e7d,6444081c6114678ff14f7c98,644408526114678ff14f7d1f,1
64440ba86114678ff14f7e7e,6444081c6114678ff14f7c76,644408526114678ff14f7d3a,3
64440ba86114678ff14f7e7f,6444081c6114678ff14f7c92,644408526114678ff14f7ced,3
64440ba86114678ff14f7e80,6444081c6114678ff14f7c85,644408526114678ff14f7d35,1
64440ba86114678ff14f7e81,6444081c6114678ff14f7ca2,644408526114678ff14f7ceb,2
64440ba86114678ff14f7e82,6444081c6114678ff14f7ca5,644408526114678ff14f7d3f,3
64440ba86114678ff14f7e83,6444081c6114678ff14f7c9a,644408526114678ff14f7cc7,2
64440ba86114678ff14f7e84,6444081c6114678ff14f7c76,644408526114678ff14f7d45,1
64440ba86114678ff14f7e85,6444081c6114678ff14f7c9e,644408526114678ff14f7d03,1
64440ba86114678ff14f7e86,6444081c6114678ff14f7c8f,644408526114678ff14f7cbf,3
64440ba86114678ff14f7e87,6444081c6114678ff14f7c9f,644408526114678ff14f7d44,1
64440ba86114678ff14f7e88,6444081c6114678ff14f7c9f,644408526114678ff14f7d11,1
64440ba86114678ff14f7e89,6444081c6114678ff14f7c85,644408526114678ff14f7cd8,3
64440ba86114678ff14f7e8a,6444081c6114678ff14f7c9c,644408526114678ff14f7d43,2
64440ba86114678ff14f7e8b,6444081c6114678ff14f7c80,644408526114678ff14f7d00,2
64440ba86114678ff14f7e8c,6444081c6114678ff14f7c8a,644408526114678ff14f7cc4,2
64440ba86114678ff14f7e8d,6444081c6114678ff14f7c7d,644408526114678ff14f7cd9,3
64440ba86114678ff14f7e8e,6444081c6114678ff14f7c86,644408526114678ff14f7d3d,1
64440ba86114678ff14f7e8f,6444081c6114678ff14f7c93,644408526114678ff14f7d52,2
64440ba86114678ff14f7e90,6444081c6114678ff14f7ca4,644408526114678ff14f7ce5,2
64440ba86114678ff14f7e91,6444081c6114678ff14f7c81,644408526114678ff14f7d1f,1
64440ba86114678ff14f7e92,6444081c6114678ff14f7c96,644408526114678ff14f7ce2,2
64440ba86114678ff14f7e93,6444081c6114678ff14f7c89,644408526114678ff14f7d70,2
64440ba86114678ff14f7e94,6444081c6114678ff14f7c80,644408526114678ff14f7cab,1
64440ba86114678ff14f7e95,6444081c6114678ff14f7c77,644408526114678ff14f7d45,2
64440ba86114678ff14f7e96,6444081c6114678ff14f7ca0,644408526114678ff14f7d6d,3
64440ba86114678ff14f7e97,6444081c6114678ff14f7ca2,644408526114678ff14f7d15,3
64440ba86114678ff14f7e98,6444081c6114678ff14f7c7c,644408526114678ff14f7d56,3
64440ba86114678ff14f7e99,6444081c6114678ff14f7ca0,644408526114678ff14f7caf,1
64440ba86114678ff14f7e9a,6444081c6114678ff14f7c82,644408526114678ff14f7cff,2
64440ba86114678ff14f7e9b,6444081c6114678ff14f7c79,644408526114678ff14f7cd2,2
64440ba86114678ff14f7e9c,6444081c6114678ff14f7c79,644408526114678ff14f7cad,1
64440ba86114678ff14f7e9d,6444081c6114678ff14f7c90,644408526114678ff14f7d60,2
64440ba86114678ff14f7e9e,6444081c6114678ff14f7ca4,644408526114678ff14f7ce3,2
64440ba86114678ff14f7e9f,6444081c6114678ff14f7c8e,644408526114678ff14f7d4a,2
64440ba86114678ff14f7ea0,6444081c6114678ff14f7c91,644408526114678ff14f7d2a,2
64440ba86114678ff14f7ea1,6444081c6114678ff14f7c91,644408526114678ff14f7d11,3
64440ba86114678ff14f7ea2,6444081c6114678ff14f7c75,644408526114678ff14f7d0a,2
64440ba86114678ff14f7ea3,6444081c6114678ff14f7ca1,644408526114678ff14f7d39,2
64440ba86114678ff14f7ea4,6444081c6114678ff14f7c80,644408526114678ff14f7d26,1
64440ba86114678ff14f7ea5,6444081c6114678ff14f7c85,644408526114678ff14f7d52,3
64440ba86114678ff14f7ea6,6444081c6114678ff14f7c82,644408526114678ff14f7cd8,1
64440ba86114678ff14f7ea7,6444081c6114678ff14f7c8c,644408526114678ff14f7cf3,2
64440ba86114678ff14f7ea8,6444081c6114678ff14f7c8e,644408526114678ff14f7cd4,2
64440ba86114678ff14f7ea9,6444081c6114678ff14f7c8d,644408526114678ff14f7cd7,1
64440ba86114678ff14f7eaa,6444081c6114678ff14f7c86,644408526114678ff14f7d66,1
64440ba86114678ff14f7eab,6444081c6114678ff14f7c8d,644408526114678ff14f7ccd,1
64440ba86114678ff14f7eac,6444081c6114678ff14f7ca0,644408526114678ff14f7d21,3
64440ba86114678ff14f7ead,6444081c6114678ff14f7c94,644408526114678ff14f7cdb,2
64440ba86114678ff14f7eae,6444081c6114678ff14f7c8b,644408526114678ff14f7d23,1
64440ba86114678ff14f7eaf,6444081c6114678ff14f7c80,644408526114678ff14f7d04,1
64440ba86114678ff14f7eb0,6444081c6114678ff14f7c76,644408526114678ff14f7cff,2
64440ba86114678ff14f7eb1,6444081c6114678ff14f7c95,644408526114678ff14f7d40,2
64440ba86114678ff14f7eb2,6444081c6114678ff14f7c8f,644408526114678ff14f7cba,2
64440ba86114678ff14f7eb3,6444081c6114678ff14f7c9b,644408526114678ff14f7ca9,2
64440ba86114678ff14f7eb4,6444081c6114678ff14f7c93,644408526114678ff14f7d64,1
64440ba86114678ff14f7eb5,6444081c6114678ff14f7c99,644408526114678ff14f7d2b,3
64440ba86114678ff14f7eb6,6444081c6114678ff14f7c85,644408526114678ff14f7d6b,1
64440ba86114678ff14f7eb7,6444081c6114678ff14f7ca3,644408526114678ff14f7cc5,1
64440ba86114678ff14f7eb8,6444081c6114678ff14f7ca3,644408526114678ff14f7cd7,1
64440ba86114678ff14f7eb9,6444081c6114678ff14f7c8d,644408526114678ff14f7cc9,3
64440ba86114678ff14f7eba,6444081c6114678ff14f7ca6,644408526114678ff14f7d67,2
64440ba86114678ff14f7ebb,6444081c6114678ff14f7c88,644408526114678ff14f7cd6,3
64440ba86114678ff14f7ebc,6444081c6114678ff14f7c9c,644408526114678ff14f7cc3,3
64440ba86114678ff14f7ebd,6444081c6114678ff14f7ca0,644408526114678ff14f7cf6,3
64440ba86114678ff14f7ebe,6444081c6114678ff14f7ca5,644408526114678ff14f7d20,1
64440ba86114678ff14f7ebf,6444081c6114678ff14f7c82,644408526114678ff14f7cf6,2
64440ba86114678ff14f7ec0,6444081c6114678ff14f7c98,644408526114678ff14f7ce7,3
64440ba86114678ff14f7ec1,6444081c6114678ff14f7c75,644408526114678ff14f7d4f,1
64440ba86114678ff14f7ec2,6444081c6114678ff14f7c86,644408526114678ff14f7d09,2
64440ba86114678ff14f7ec3,6444081c6114678ff14f7c9a,644408526114678ff14f7d18,2
64440ba86114678ff14f7ec4,6444081c6114678ff14f7c80,644408526114678ff14f7d62,1
64440ba86114678ff14f7ec5,6444081c6114678ff14f7c8a,644408526114678ff14f7d5b,1
64440ba86114678ff14f7ec6,6444081c6114678ff14f7c9f,644408526114678ff14f7cde,1
64440ba86114678ff14f7ec7,6444081c6114678ff14f7c77,644408526114678ff14f7d34,3
64440ba86114678ff14f7ec8,6444081c6114678ff14f7c8f,644408526114678ff14f7d0b,2
64440ba86114678ff14f7ec9,6444081c6114678ff14f7c87,644408526114678ff14f7d31,3
64440ba86114678ff14f7eca,6444081c6114678ff14f7c8e,644408526114678ff14f7d05,2
64440ba86114678ff14f7ecb,6444081c6114678ff14f7c76,644408526114678ff14f7d45,2
64440ba86114678ff14f7ecc,6444081c6114678ff14f7c7a,644408526114678ff14f7cd0,1
64440ba86114678ff14f7ecd,6444081c6114678ff14f7c84,644408526114678ff14f7d0b,2
64440ba86114678ff14f7ece,6444081c6114678ff14f7c7f,644408526114678ff14f7d55,1
64440ba86114678ff14f7ecf,6444081c6114678ff14f7c84,644408526114678ff14f7d36,1
64440ba86114678ff14f7ed0,6444081c6114678ff14f7c92,644408526114678ff14f7d28,1
64440ba86114678ff14f7ed1,6444081c6114678ff14f7c8a,644408526114678ff14f7d16,2
64440ba86114678ff14f7ed2,6444081c6114678ff14f7c80,644408526114678ff14f7d1d,3
64440ba86114678ff14f7ed3,6444081c6114678ff14f7c86,644408526114678ff14f7d2e,1
64440ba86114678ff14f7ed4,6444081c6114678ff14f7c9b,644408526114678ff14f7cc7,2
64440ba86114678ff14f7ed5,6444081c6114678ff14f7c7b,644408526114678ff14f7d09,2
64440ba86114678ff14f7ed6,6444081c6114678ff14f7c77,644408526114678ff14f7cd8,2
64440ba86114678ff14f7ed7,6444081c6114678ff14f7c96,644408526114678ff14f7d19,1
64440ba86114678ff14f7ed8,6444081c6114678ff14f7c89,644408526114678ff14f7cfb,2
64440ba86114678ff14f7ed9,6444081c6114678ff14f7c75,644408526114678ff14f7d3f,1
64440ba86114678ff14f7eda,6444081c6114678ff14f7c97,644408526114678ff14f7cd0,1
64440ba86114678ff14f7edb,6444081c6114678ff14f7c82,644408526114678ff14f7cdc,1
64440ba86114678ff14f7edc,6444081c6114678ff14f7c77,644408526114678ff14f7cd7,2
64440ba86114678ff14f7edd,6444081c6114678ff14f7c90,644408526114678ff14f7cfc,3
64440ba86114678ff14f7ede,6444081c6114678ff14f7c93,644408526114678ff14f7d28,2
64440ba86114678ff14f7edf,6444081c6114678ff14f7ca6,644408526114678ff14f7cfd,3
64440ba86114678ff14f7ee0,6444081c6114678ff14f7ca1,644408526114678ff14f7cdc,3
64440ba86114678ff14f7ee1,6444081c6114678ff14f7c9b,644408526114678ff14f7d42,3
64440ba86114678ff14f7ee2,6444081c6114678ff14f7c87,644408526114678ff14f7d11,1
64440ba86114678ff14f7ee3,6444081c6114678ff14f7c8c,644408526114678ff14f7ceb,3
64440ba86114678ff14f7ee4,6444081c6114678ff14f7c89,644408526114678ff14f7d14,1
64440ba86114678ff14f7ee5,6444081c6114678ff14f7ca5,644408526114678ff14f7d2c,3
64440ba86114678ff14f7ee6,6444081c6114678ff14f7ca2,644408526114678ff14f7cbb,2
64440ba86114678ff14f7ee7,6444081c6114678ff14f7c99,644408526114678ff14f7d5d,2
64440ba86114678ff14f7ee8,6444081c6114678ff14f7c88,644408526114678ff14f7cbe,1
64440ba86114678ff14f7ee9,6444081c6114678ff14f7ca3,644408526114678ff14f7d48,3
64440ba86114678ff14f7eea,6444081c6114678ff14f7c8f,644408526114678ff14f7d12,2
64440ba86114678ff14f7eeb,6444081c6114678ff14f7c8f,644408526114678ff14f7cf8,2
64440ba86114678ff14f7eec,6444081c6114678ff14f7c81,644408526114678ff14f7cd5,3
64440ba86114678ff14f7eed,6444081c6114678ff14f7ca3,644408526114678ff14f7d4f,1
64440ba86114678ff14f7eee,6444081c6114678ff14f7c98,644408526114678ff14f7caa,1
64440ba86114678ff14f7eef,6444081c6114678ff14f7c76,644408526114678ff14f7d19,2
64440ba86114678ff14f7ef0,6444081c6114678ff14f7c89,644408526114678ff14f7cbd,3
64440ba86114678ff14f7ef1,6444081c6114678ff14f7c9d,644408526114678ff14f7d64,1
64440ba86114678ff14f7ef2,6444081c6114678ff14f7ca6,644408526114678ff14f7d63,1
64440ba86114678ff14f7ef3,6444081c6114678ff14f7c82,644408526114678ff14f7ceb,2
64440ba86114678ff14f7ef4,6444081c6114678ff14f7ca2,644408526114678ff14f7cc9,1
64440ba86114678ff14f7ef5,6444081c6114678ff14f7c94,644408526114678ff14f7ccc,2
64440ba86114678ff14f7ef6,6444081c6114678ff14f7c8a,644408526114678ff14f7cec,3
64440ba86114678ff14f7ef7,6444081c6114678ff14f7c97,644408526114678ff14f7d0b,2
64440ba86114678ff14f7ef8,6444081c6114678ff14f7c90,644408526114678ff14f7cc1,1
64440ba86114678ff14f7ef9,6444081c6114678ff14f7c9a,644408526114678ff14f7d2a,2
64440ba86114678ff14f7efa,6444081c6114678ff14f7c7b,644408526114678ff14f7d45,2
64440ba86114678ff14f7efb,6444081c6114678ff14f7c99,644408526114678ff14f7d43,3
64440ba86114678ff14f7efc,6444081c6114678ff14f7c92,644408526114678ff14f7ccf,2
64440ba86114678ff14f7efd,6444081c6114678ff14f7c87,644408526114678ff14f7cc0,1
64440ba86114678ff14f7efe,6444081c6114678ff14f7c80,644408526114678ff14f7d1f,3
64440ba86114678ff14f7eff,6444081c6114678ff14f7c9a,644408526114678ff14f7cc7,3
64440ba86114678ff14f7f00,6444081c6114678ff14f7c9b,644408526114678ff14f7cf3,1
64440ba86114678ff14f7f01,6444081c6114678ff14f7c77,644408526114678ff14f7cbf,1
64440ba86114678ff14f7f02,6444081c6114678ff14f7c83,644408526114678ff14f7d42,2
64440ba86114678ff14f7f03,6444081c6114678ff14f7c80,644408526114678ff14f7cfe,2
64440ba86114678ff14f7f04,6444081c6114678ff14f7c9a,644408526114678ff14f7d3a,1
64440ba86114678ff14f7f05,6444081c6114678ff14f7c96,644408526114678ff14f7d3e,2
64440ba86114678ff14f7f06,6444081c6114678ff14f7c8e,644408526114678ff14f7d27,3
64440ba86114678ff14f7f07,6444081c6114678ff14f7c94,644408526114678ff14f7cd2,3
64440ba86114678ff14f7f08,6444081c6114678ff14f7c89,644408526114678ff14f7cfe,1
64440ba86114678ff14f7f09,6444081c6114678ff14f7ca5,644408526114678ff14f7d0e,1
64440ba86114678ff14f7f0a,6444081c6114678ff14f7c82,644408526114678ff14f7cf5,1
64440ba86114678ff14f7f0b,6444081c6114678ff14f7c82,644408526114678ff14f7d70,1
64440ba86114678ff14f7f0c,6444081c6114678ff14f7c81,644408526114678ff14f7d30,2
64440ba86114678ff14f7f0d,6444081c6114678ff14f7ca4,644408526114678ff14f7d53,2
64440ba86114678ff14f7f0e,6444081c6114678ff14f7c83,644408526114678ff14f7ce3,1
64440ba86114678ff14f7f0f,6444081c6114678ff14f7c77,644408526114678ff14f7d36,1
64440ba86114678ff14f7f10,6444081c6114678ff14f7ca3,644408526114678ff14f7d3b,1
64440ba86114678ff14f7f11,6444081c6114678ff14f7c7f,644408526114678ff14f7cc9,3
64440ba86114678ff14f7f12,6444081c6114678ff14f7c9e,644408526114678ff14f7d05,3
64440ba86114678ff14f7f13,6444081c6114678ff14f7c96,644408526114678ff14f7d02,2
64440ba86114678ff14f7f14,6444081c6114678ff14f7c8f,644408526114678ff14f7d4d,3
64440ba86114678ff14f7f15,6444081c6114678ff14f7c88,644408526114678ff14f7d2c,2
64440ba86114678ff14f7f16,6444081c6114678ff14f7c76,644408526114678ff14f7cb6,3
64440ba86114678ff14f7f17,6444081c6114678ff14f7ca6,644408526114678ff14f7d25,1
64440ba86114678ff14f7f18,6444081c6114678ff14f7ca3,644408526114678ff14f7d2b,3
64440ba86114678ff14f7f19,6444081c6114678ff14f7c9b,644408526114678ff14f7cb9,3
64440ba86114678ff14f7f1a,6444081c6114678ff14f7c85,644408526114678ff14f7ce2,3
64440ba86114678ff14f7f1b,6444081c6114678ff14f7c88,644408526114678ff14f7cd0,2
64440ba86114678ff14f7f1c,6444081c6114678ff14f7c9e,644408526114678ff14f7cf7,2
64440ba86114678ff14f7f1d,6444081c6114678ff14f7c95,644408526114678ff14f7cde,2
64440ba86114678ff14f7f1e,6444081c6114678ff14f7c80,644408526114678ff14f7cd6,2
64440ba86114678ff14f7f1f,6444081c6114678ff14f7c94,644408526114678ff14f7d38,2
64440ba86114678ff14f7f20,6444081c6114678ff14f7c85,644408526114678ff14f7ce8,1
64440ba86114678ff14f7f21,6444081c6114678ff14f7c99,644408526114678ff14f7d05,1
64440ba86114678ff14f7f22,6444081c6114678ff14f7c89,644408526114678ff14f7d0c,2
64440ba86114678ff14f7f23,6444081c6114678ff14f7ca6,644408526114678ff14f7d09,2
64440ba86114678ff14f7f24,6444081c6114678ff14f7c8c,644408526114678ff14f7cdb,2
64440ba86114678ff14f7f25,6444081c6114678ff14f7c8b,644408526114678ff14f7d66,3
64440ba86114678ff14f7f26,6444081c6114678ff14f7c85,644408526114678ff14f7caa,3
64440ba86114678ff14f7f27,6444081c6114678ff14f7ca5,644408526114678ff14f7cb2,3
64440ba86114678ff14f7f28,6444081c6114678ff14f7c8d,644408526114678ff14f7d2f,3
64440ba86114678ff14f7f29,6444081c6114678ff14f7c9f,644408526114678ff14f7cfc,2
64440ba86114678ff14f7f2a,6444081c6114678ff14f7c7f,644408526114678ff14f7d2f,2
64440ba86114678ff14f7f2b,6444081c6114678ff14f7c95,644408526114678ff14f7d52,3
64440ba86114678ff14f7f2c,6444081c6114678ff14f7c86,644408526114678ff14f7cc7,2
64440ba86114678ff14f7f2d,6444081c6114678ff14f7c8f,644408526114678ff14f7d23,3
64440ba86114678ff14f7f2e,6444081c6114678ff14f7c99,644408526114678ff14f7cd4,2
64440ba86114678ff14f7f2f,6444081c6114678ff14f7c7f,644408526114678ff14f7d21,3
64440ba86114678ff14f7f30,6444081c6114678ff14f7c9b,644408526114678ff14f7cc4,2
64440ba86114678ff14f7f31,6444081c6114678ff14f7c85,644408526114678ff14f7d5d,3
64440ba86114678ff14f7f32,6444081c6114678ff14f7c8f,644408526114678ff14f7cf7,3
64440ba86114678ff14f7f33,6444081c6114678ff14f7c9c,644408526114678ff14f7d34,1
64440ba86114678ff14f7f34,6444081c6114678ff14f7c87,644408526114678ff14f7ce7,2
64440ba86114678ff14f7f35,6444081c6114678ff14f7ca4,644408526114678ff14f7d35,2
64440ba86114678ff14f7f36,6444081c6114678ff14f7c79,644408526114678ff14f7ced,3
64440ba86114678ff14f7f37,6444081c6114678ff14f7ca6,644408526114678ff14f7d35,2
64440ba86114678ff14f7f38,6444081c6114678ff14f7c86,644408526114678ff14f7cc9,3
64440ba86114678ff14f7f39,6444081c6114678ff14f7c95,644408526114678ff14f7d66,1
64440ba86114678ff14f7f3a,6444081c6114678ff14f7c7c,644408526114678ff14f7cf8,1
64440ba86114678ff14f7f3b,6444081c6114678ff14f7c8c,644408526114678ff14f7d68,1
64440ba86114678ff14f7f3c,6444081c6114678ff14f7c8a,644408526114678ff14f7cb6,1
64440ba86114678ff14f7f3d,6444081c6114678ff14f7c7e,644408526114678ff14f7d51,2
64440ba86114678ff14f7f3e,6444081c6114678ff14f7c83,644408526114678ff14f7cc2,2
64440ba86114678ff14f7f3f,6444081c6114678ff14f7c99,644408526114678ff14f7d11,2
64440ba86114678ff14f7f40,6444081c6114678ff14f7c92,644408526114678ff14f7cae,2
64440ba86114678ff14f7f41,6444081c6114678ff14f7c96,644408526114678ff14f7cd0,2
64440ba86114678ff14f7f42,6444081c6114678ff14f7c94,644408526114678ff14f7d0c,2
64440ba86114678ff14f7f43,6444081c6114678ff14f7c80,644408526114678ff14f7d43,2
64440ba86114678ff14f7f44,6444081c6114678ff14f7c75,644408526114678ff14f7d5a,1
64440ba86114678ff14f7f45,6444081c6114678ff14f7c99,644408526114678ff14f7d3b,1
64440ba86114678ff14f7f46,6444081c6114678ff14f7c9c,644408526114678ff14f7d1a,1
64440ba86114678ff14f7f47,6444081c6114678ff14f7ca0,644408526114678ff14f7d3b,2
64440ba86114678ff14f7f48,6444081c6114678ff14f7ca1,644408526114678ff14f7cc4,2
64440ba86114678ff14f7f49,6444081c6114678ff14f7c9e,644408526114678ff14f7ce3,3
64440ba86114678ff14f7f4a,6444081c6114678ff14f7c8f,644408526114678ff14f7cb1,3
64440ba86114678ff14f7f4b,6444081c6114678ff14f7c9a,644408526114678ff14f7d40,3
64440ba86114678ff14f7f4c,6444081c6114678ff14f7c8d,644408526114678ff14f7cf4,2
64440ba86114678ff14f7f4d,6444081c6114678ff14f7c96,644408526114678ff14f7cc1,3
64440ba86114678ff14f7f4e,6444081c6114678ff14f7c88,644408526114678ff14f7d61,3
64440ba86114678ff14f7f4f,6444081c6114678ff14f7c95,644408526114678ff14f7d04,2
64440ba86114678ff14f7f50,6444081c6114678ff14f7c8f,644408526114678ff14f7d2c,2
64440ba86114678ff14f7f51,6444081c6114678ff14f7ca0,644408526114678ff14f7d42,2
64440ba86114678ff14f7f52,6444081c6114678ff14f7c94,644408526114678ff14f7d46,3
64440ba86114678ff14f7f53,6444081c6114678ff14f7c93,644408526114678ff14f7d31,3
64440ba86114678ff14f7f54,6444081c6114678ff14f7c89,644408526114678ff14f7cb2,3
64440ba86114678ff14f7f55,6444081c6114678ff14f7c81,644408526114678ff14f7ce5,1
64440ba86114678ff14f7f56,6444081c6114678ff14f7c90,644408526114678ff14f7cfe,1
64440ba86114678ff14f7f57,6444081c6114678ff14f7c83,644408526114678ff14f7d3c,1
64440ba86114678ff14f7f58,6444081c6114678ff14f7c96,644408526114678ff14f7d36,1
64440ba86114678ff14f7f59,6444081c6114678ff14f7c85,644408526114678ff14f7d4a,2
64440ba86114678ff14f7f5a,6444081c6114678ff14f7c7f,644408526114678ff14f7d18,3
64440ba86114678ff14f7f5b,6444081c6114678ff14f7c78,644408526114678ff14f7d0d,3
64440ba86114678ff14f7f5c,6444081c6114678ff14f7c85,644408526114678ff14f7d44,2
64440ba86114678ff14f7f5d,6444081c6114678ff14f7c77,644408526114678ff14f7cd3,3
64440ba86114678ff14f7f5e,6444081c6114678ff14f7c90,644408526114678ff14f7d31,1
64440ba86114678ff14f7f5f,6444081c6114678ff14f7c8d,644408526114678ff14f7d34,3
64440ba86114678ff14f7f60,6444081c6114678ff14f7ca6,644408526114678ff14f7d51,3
64440ba86114678ff14f7f61,6444081c6114678ff14f7ca2,644408526114678ff14f7d2a,2
64440ba86114678ff14f7f62,6444081c6114678ff14f7c93,644408526114678ff14f7d0b,2
64440ba86114678ff14f7f63,6444081c6114678ff14f7c9d,644408526114678ff14f7d48,1
64440ba86114678ff14f7f64,6444081c6114678ff14f7c9e,644408526114678ff14f7cbc,3
64440ba86114678ff14f7f65,6444081c6114678ff14f7ca5,644408526114678ff14f7d6c,2
64440ba86114678ff14f7f66,6444081c6114678ff14f7ca0,644408526114678ff14f7cca,1
64440ba86114678ff14f7f67,6444081c6114678ff14f7c9d,644408526114678ff14f7ce5,1
64440ba86114678ff14f7f68,6444081c6114678ff14f7c8e,644408526114678ff14f7cea,3
64440ba86114678ff14f7f69,6444081c6114678ff14f7c8f,644408526114678ff14f7d1c,1
64440ba86114678ff14f7f6a,6444081c6114678ff14f7c96,644408526114678ff14f7cdd,2
64440ba86114678ff14f7f6b,6444081c6114678ff14f7c8a,644408526114678ff14f7d55,3
64440ba86114678ff14f7f6c,6444081c6114678ff14f7c79,644408526114678ff14f7cc6,2
64440ba86114678ff14f7f6d,6444081c6114678ff14f7c8d,644408526114678ff14f7cd8,1
64440ba86114678ff14f7f6e,6444081c6114678ff14f7c7f,644408526114678ff14f7d01,3
64440ba86114678ff14f7f6f,6444081c6114678ff14f7c95,644408526114678ff14f7d66,3
64440ba86114678ff14f7f70,6444081c6114678ff14f7c92,644408526114678ff14f7cc7,2
64440ba86114678ff14f7f71,6444081c6114678ff14f7c8d,644408526114678ff14f7cae,1
64440ba86114678ff14f7f72,6444081c6114678ff14f7c88,644408526114678ff14f7d1d,2
64440ba86114678ff14f7f73,6444081c6114678ff14f7c85,644408526114678ff14f7d1e,3
64440ba86114678ff14f7f74,6444081c6114678ff14f7ca0,644408526114678ff14f7d6e,2
64440ba86114678ff14f7f75,6444081c6114678ff14f7c9e,644408526114678ff14f7cf0,2
64440ba86114678ff14f7f76,6444081c6114678ff14f7c94,644408526114678ff14f7cb6,2
64440ba86114678ff14f7f77,6444081c6114678ff14f7c89,644408526114678ff14f7ccd,3
64440ba86114678ff14f7f78,6444081c6114678ff14f7c9b,644408526114678ff14f7d05,3
64440ba86114678ff14f7f79,6444081c6114678ff14f7c85,644408526114678ff14f7cfd,2
64440ba86114678ff14f7f7a,6444081c6114678ff14f7c8d,644408526114678ff14f7d38,2
64440ba86114678ff14f7f7b,6444081c6114678ff14f7c8f,644408526114678ff14f7d3b,3
64440ba86114678ff14f7f7c,6444081c6114678ff14f7c7b,644408526114678ff14f7d35,1
64440ba86114678ff14f7f7d,6444081c6114678ff14f7c84,644408526114678ff14f7d5b,1
64440ba86114678ff14f7f7e,6444081c6114678ff14f7c7d,644408526114678ff14f7cef,3
64440ba86114678ff14f7f7f,6444081c6114678ff14f7ca4,644408526114678ff14f7d4f,1
64440ba86114678ff14f7f80,6444081c6114678ff14f7c7f,644408526114678ff14f7d50,1
64440ba86114678ff14f7f81,6444081c6114678ff14f7c77,644408526114678ff14f7d10,1
64440ba86114678ff14f7f82,6444081c6114678ff14f7c90,644408526114678ff14f7d1a,1
64440ba86114678ff14f7f83,6444081c6114678ff14f7ca0,644408526114678ff14f7d2b,3
64440ba86114678ff14f7f84,6444081c6114678ff14f7c92,644408526114678ff14f7cab,3
64440ba86114678ff14f7f85,6444081c6114678ff14f7c95,644408526114678ff14f7ce5,2
64440ba86114678ff14f7f86,6444081c6114678ff14f7c93,644408526114678ff14f7d35,3
64440ba86114678ff14f7f87,6444081c6114678ff14f7c9e,644408526114678ff14f7cf8,1
64440ba86114678ff14f7f88,6444081c6114678ff14f7ca6,644408526114678ff14f7cec,2
64440ba86114678ff14f7f89,6444081c6114678ff14f7c9f,644408526114678ff14f7d03,3
64440ba86114678ff14f7f8a,6444081c6114678ff14f7c90,644408526114678ff14f7d22,3
64440ba86114678ff14f7f8b,6444081c6114678ff14f7c7e,644408526114678ff14f7d48,3
64440ba86114678ff14f7f8c,6444081c6114678ff14f7c7e,644408526114678ff14f7cb1,3
64440ba86114678ff14f7f8d,6444081c6114678ff14f7c9c,644408526114678ff14f7cd4,1
64440ba86114678ff14f7f8e,6444081c6114678ff14f7c81,644408526114678ff14f7d65,3
64440ba86114678ff14f7f8f,6444081c6114678ff14f7ca6,644408526114678ff14f7d4a,1
64440ba86114678ff14f7f90,6444081c6114678ff14f7c7b,644408526114678ff14f7d1c,3
64440ba86114678ff14f7f91,6444081c6114678ff14f7c97,644408526114678ff14f7cdc,2
64440ba86114678ff14f7f92,6444081c6114678ff14f7c81,644408526114678ff14f7d53,1
64440ba86114678ff14f7f93,6444081c6114678ff14f7ca1,644408526114678ff14f7cc5,3
64440ba86114678ff14f7f94,6444081c6114678ff14f7c8f,644408526114678ff14f7d2a,3
64440ba86114678ff14f7f95,6444081c6114678ff14f7c9e,644408526114678ff14f7cfe,2
64440ba86114678ff14f7f96,6444081c6114678ff14f7c94,644408526114678ff14f7d6c,2
64440ba86114678ff14f7f97,6444081c6114678ff14f7c8e,644408526114678ff14f7ce4,2
64440ba86114678ff14f7f98,6444081c6114678ff14f7c8c,644408526114678ff14f7d4a,3
64440ba86114678ff14f7f99,6444081c6114678ff14f7c76,644408526114678ff14f7ca9,2
64440ba86114678ff14f7f9a,6444081c6114678ff14f7ca5,644408526114678ff14f7d29,2
64440ba86114678ff14f7f9b,6444081c6114678ff14f7ca3,644408526114678ff14f7d1b,2
64440ba86114678ff14f7f9c,6444081c6114678ff14f7c76,644408526114678ff14f7d6b,1
64440ba86114678ff14f7f9d,6444081c6114678ff14f7c93,644408526114678ff14f7cc1,2
64440ba86114678ff14f7f9e,6444081c6114678ff14f7ca5,644408526114678ff14f7cd0,1
64440ba86114678ff14f7f9f,6444081c6114678ff14f7c8b,644408526114678ff14f7cf6,2
64440ba86114678ff14f7fa0,6444081c6114678ff14f7c76,644408526114678ff14f7d1f,1
64440ba86114678ff14f7fa1,6444081c6114678ff14f7c76,644408526114678ff14f7d53,3
64440ba86114678ff14f7fa2,6444081c6114678ff14f7c99,644408526114678ff14f7d37,3
64440ba86114678ff14f7fa3,6444081c6114678ff14f7c7a,644408526114678ff14f7d32,3
64440ba86114678ff14f7fa4,6444081c6114678ff14f7c7a,644408526114678ff14f7d54,2
64440ba86114678ff14f7fa5,6444081c6114678ff14f7c8e,644408526114678ff14f7d49,3
64440ba86114678ff14f7fa6,6444081c6114678ff14f7c8d,644408526114678ff14f7d6b,2
64440ba86114678ff14f7fa7,6444081c6114678ff14f7c87,644408526114678ff14f7ce8,3
64440ba86114678ff14f7fa8,6444081c6114678ff14f7c9a,644408526114678ff14f7d06,1
64440ba86114678ff14f7fa9,6444081c6114678ff14f7c98,644408526114678ff14f7d63,3
64440ba86114678ff14f7faa,6444081c6114678ff14f7c95,644408526114678ff14f7cd2,1
64440ba86114678ff14f7fab,6444081c6114678ff14f7c96,644408526114678ff14f7cef,3
64440ba86114678ff14f7fac,6444081c6114678ff14f7c8c,644408526114678ff14f7d42,1
64440ba86114678ff14f7fad,6444081c6114678ff14f7c91,644408526114678ff14f7d6a,3
64440ba86114678ff14f7fae,6444081c6114678ff14f7c98,644408526114678ff14f7d50,2
64440ba86114678ff14f7faf,6444081c6114678ff14f7ca3,644408526114678ff14f7cf6,1
64440ba86114678ff14f7fb0,6444081c6114678ff14f7c8d,644408526114678ff14f7cdc,1
64440ba86114678ff14f7fb1,6444081c6114678ff14f7c9f,644408526114678ff14f7d45,3
64440ba86114678ff14f7fb2,6444081c6114678ff14f7c84,644408526114678ff14f7d0f,2
64440ba86114678ff14f7fb3,6444081c6114678ff14f7c8e,644408526114678ff14f7cc2,1
64440ba86114678ff14f7fb4,6444081c6114678ff14f7c87,644408526114678ff14f7d4d,2
64440ba86114678ff14f7fb5,6444081c6114678ff14f7c76,644408526114678ff14f7cd4,2
64440ba86114678ff14f7fb6,6444081c6114678ff14f7c91,644408526114678ff14f7cc7,2
64440ba86114678ff14f7fb7,6444081c6114678ff14f7c9c,644408526114678ff14f7cab,1
64440ba86114678ff14f7fb8,6444081c6114678ff14f7c82,644408526114678ff14f7d5f,3
64440ba86114678ff14f7fb9,6444081c6114678ff14f7c76,644408526114678ff14f7ce9,2
64440ba86114678ff14f7fba,6444081c6114678ff14f7c9b,644408526114678ff14f7cd6,1
64440ba86114678ff14f7fbb,6444081c6114678ff14f7ca5,644408526114678ff14f7d29,3
64440ba86114678ff14f7fbc,6444081c6114678ff14f7c7e,644408526114678ff14f7d1e,3
64440ba86114678ff14f7fbd,6444081c6114678ff14f7c79,644408526114678ff14f7d2c,2
64440ba86114678ff14f7fbe,6444081c6114678ff14f7c85,644408526114678ff14f7cc9,3
64440ba86114678ff14f7fbf,6444081c6114678ff14f7ca6,644408526114678ff14f7cef,3
64440ba86114678ff14f7fc0,6444081c6114678ff14f7c9f,644408526114678ff14f7d58,1
64440ba86114678ff14f7fc1,6444081c6114678ff14f7c88,644408526114678ff14f7ce9,3
64440ba86114678ff14f7fc2,6444081c6114678ff14f7ca6,644408526114678ff14f7d19,2
64440ba86114678ff14f7fc3,6444081c6114678ff14f7c93,644408526114678ff14f7d5b,3
64440ba86114678ff14f7fc4,6444081c6114678ff14f7c76,644408526114678ff14f7d55,2
64440ba86114678ff14f7fc5,6444081c6114678ff14f7c82,644408526114678ff14f7d60,3
64440ba86114678ff14f7fc6,6444081c6114678ff14f7c98,644408526114678ff14f7d1c,2
64440ba86114678ff14f7fc7,6444081c6114678ff14f7ca4,644408526114678ff14f7d4a,3
64440ba86114678ff14f7fc8,6444081c6114678ff14f7c9f,644408526114678ff14f7cd9,3
64440ba86114678ff14f7fc9,6444081c6114678ff14f7c8b,644408526114678ff14f7d5e,3
64440ba86114678ff14f7fca,6444081c6114678ff14f7c8e,644408526114678ff14f7cd8,2
64440ba86114678ff14f7fcb,6444081c6114678ff14f7c75,644408526114678ff14f7cbd,1
64440ba86114678ff14f7fcc,6444081c6114678ff14f7c8a,644408526114678ff14f7d45,1
64440ba86114678ff14f7fcd,6444081c6114678ff14f7c9b,644408526114678ff14f7cd2,3
64440ba86114678ff14f7fce,6444081c6114678ff14f7c8a,644408526114678ff14f7d25,2
64440ba86114678ff14f7fcf,6444081c6114678ff14f7c79,644408526114678ff14f7cbc,2
64440ba86114678ff14f7fd0,6444081c6114678ff14f7c9b,644408526114678ff14f7d29,2
64440ba86114678ff14f7fd1,6444081c6114678ff14f7c79,644408526114678ff14f7d56,2
64440ba86114678ff14f7fd2,6444081c6114678ff14f7c93,644408526114678ff14f7cd1,2
64440ba86114678ff14f7fd3,6444081c6114678ff14f7c7c,644408526114678ff14f7d59,3
64440ba86114678ff14f7fd4,6444081c6114678ff14f7c9b,644408526114678ff14f7cda,2
64440ba86114678ff14f7fd5,6444081c6114678ff14f7c93,644408526114678ff14f7d46,1
64440ba86114678ff14f7fd6,6444081c6114678ff14f7ca6,644408526114678ff14f7d67,1
64440ba86114678ff14f7fd7,6444081c6114678ff14f7c86,644408526114678ff14f7d37,1
64440ba86114678ff14f7fd8,6444081c6114678ff14f7c94,644408526114678ff14f7d1e,2
64440ba86114678ff14f7fd9,6444081c6114678ff14f7c97,644408526114678ff14f7d33,3
64440ba86114678ff14f7fda,6444081c6114678ff14f7c7d,644408526114678ff14f7d08,2
64440ba86114678ff14f7fdb,6444081c6114678ff14f7c83,644408526114678ff14f7cc5,2
64440ba86114678ff14f7fdc,6444081c6114678ff14f7c9f,644408526114678ff14f7d32,1
64440ba86114678ff14f7fdd,6444081c6114678ff14f7c98,644408526114678ff14f7d49,2
64440ba86114678ff14f7fde,6444081c6114678ff14f7c8f,644408526114678ff14f7cb6,1
64440ba86114678ff14f7fdf,6444081c6114678ff14f7c7e,644408526114678ff14f7cb8,3
64440ba86114678ff14f7fe0,6444081c6114678ff14f7c95,644408526114678ff14f7d5b,2
64440ba86114678ff14f7fe1,6444081c6114678ff14f7c90,644408526114678ff14f7d69,1
64440ba86114678ff14f7fe2,6444081c6114678ff14f7c8f,644408526114678ff14f7d20,1
64440ba86114678ff14f7fe3,6444081c6114678ff14f7c7b,644408526114678ff14f7d55,1
64440ba86114678ff14f7fe4,6444081c6114678ff14f7c95,644408526114678ff14f7d36,3
64440ba86114678ff14f7fe5,6444081c6114678ff14f7c9a,644408526114678ff14f7cbb,2
64440ba86114678ff14f7fe6,6444081c6114678ff14f7ca5,644408526114678ff14f7d1c,3
64440ba86114678ff14f7fe7,6444081c6114678ff14f7c8d,644408526114678ff14f7cbf,2
64440ba86114678ff14f7fe8,6444081c6114678ff14f7c9d,644408526114678ff14f7d11,3
64440ba86114678ff14f7fe9,6444081c6114678ff14f7ca6,644408526114678ff14f7d56,1
64440ba86114678ff14f7fea,6444081c6114678ff14f7c95,644408526114678ff14f7cd1,3
64440ba86114678ff14f7feb,6444081c6114678ff14f7c8c,644408526114678ff14f7d54,1
64440ba86114678ff14f7fec,6444081c6114678ff14f7c81,644408526114678ff14f7cae,2
64440ba86114678ff14f7fed,6444081c6114678ff14f7c78,644408526114678ff14f7cb6,3
64440ba86114678ff14f7fee,6444081c6114678ff14f7c93,644408526114678ff14f7cae,3
64440ba86114678ff14f7fef,6444081c6114678ff14f7c99,644408526114678ff14f7cf3,1
64440ba86114678ff14f7ff0,6444081c6114678ff14f7c81,644408526114678ff14f7cc3,2
64440ba86114678ff14f7ff1,6444081c6114678ff14f7c7d,644408526114678ff14f7cd4,3
64440ba86114678ff14f7ff2,6444081c6114678ff14f7c9a,644408526114678ff14f7cbd,1
64440ba86114678ff14f7ff3,6444081c6114678ff14f7c8c,644408526114678ff14f7d3a,2
64440ba86114678ff14f7ff4,6444081c6114678ff14f7c7b,644408526114678ff14f7d5b,1
64440ba86114678ff14f7ff5,6444081c6114678ff14f7c81,644408526114678ff14f7d12,2
64440ba86114678ff14f7ff6,6444081c6114678ff14f7c7b,644408526114678ff14f7ccd,1
64440ba86114678ff14f7ff7,6444081c6114678ff14f7c7e,644408526114678ff14f7d08,3
64440ba86114678ff14f7ff8,6444081c6114678ff14f7c9d,644408526114678ff14f7cfc,1
64440ba86114678ff14f7ff9,6444081c6114678ff14f7c7e,644408526114678ff14f7cda,2
64440ba86114678ff14f7ffa,6444081c6114678ff14f7c8c,644408526114678ff14f7cb0,1
64440ba86114678ff14f7ffb,6444081c6114678ff14f7c89,644408526114678ff14f7d41,3
64440ba86114678ff14f7ffc,6444081c6114678ff14f7c84,644408526114678ff14f7d45,3
64440ba86114678ff14f7ffd,6444081c6114678ff14f7c75,644408526114678ff14f7d26,2
64440ba86114678ff14f7ffe,6444081c6114678ff14f7c88,644408526114678ff14f7d0d,2
64440ba86114678ff14f7fff,6444081c6114678ff14f7c79,644408526114678ff14f7d2b,2
64440ba86114678ff14f8000,6444081c6114678ff14f7ca0,644408526114678ff14f7d6a,2
64440ba86114678ff14f8001,6444081c6114678ff14f7ca3,644408526114678ff14f7cb9,2
64440ba86114678ff14f8002,6444081c6114678ff14f7c7e,644408526114678ff14f7d25,2
64440ba86114678ff14f8003,6444081c6114678ff14f7c7a,644408526114678ff14f7d5e,3
64440ba86114678ff14f8004,6444081c6114678ff14f7c77,644408526114678ff14f7d3e,1
64440ba86114678ff14f8005,6444081c6114678ff14f7c9d,644408526114678ff14f7cfc,3
64440ba86114678ff14f8006,6444081c6114678ff14f7c90,644408526114678ff14f7cf2,1
64440ba86114678ff14f8007,6444081c6114678ff14f7c7c,644408526114678ff14f7d2a,1
64440ba86114678ff14f8008,6444081c6114678ff14f7c92,644408526114678ff14f7d26,3
64440ba86114678ff14f8009,6444081c6114678ff14f7ca4,644408526114678ff14f7cd7,2
64440ba86114678ff14f800a,6444081c6114678ff14f7ca1,644408526114678ff14f7d3c,1
64440ba86114678ff14f800b,6444081c6114678ff14f7c9f,644408526114678ff14f7d48,2
64440ba86114678ff14f800c,6444081c6114678ff14f7c8a,644408526114678ff14f7d34,2
64440ba86114678ff14f800d,6444081c6114678ff14f7c85,644408526114678ff14f7ceb,1
64440ba86114678ff14f800e,6444081c6114678ff14f7ca6,644408526114678ff14f7cc0,2
64440ba86114678ff14f800f,6444081c6114678ff14f7c76,644408526114678ff14f7d66,3
64440ba86114678ff14f8010,6444081c6114678ff14f7c85,644408526114678ff14f7d00,3
64440ba86114678ff14f8011,6444081c6114678ff14f7c77,644408526114678ff14f7d65,2
64440ba86114678ff14f8012,6444081c6114678ff14f7c92,644408526114678ff14f7d26,1
64440ba86114678ff14f8013,6444081c6114678ff14f7c89,644408526114678ff14f7cd3,3
64440ba86114678ff14f8014,6444081c6114678ff14f7c7c,644408526114678ff14f7d09,1
64440ba86114678ff14f8015,6444081c6114678ff14f7c89,644408526114678ff14f7d3a,1
64440ba86114678ff14f8016,6444081c6114678ff14f7c97,644408526114678ff14f7d61,3
64440ba86114678ff14f8017,6444081c6114678ff14f7ca5,644408526114678ff14f7d55,3
64440ba86114678ff14f8018,6444081c6114678ff14f7c8b,644408526114678ff14f7cc4,3
64440ba86114678ff14f8019,6444081c6114678ff14f7c93,644408526114678ff14f7cc8,3
64440ba86114678ff14f801a,6444081c6114678ff14f7c7a,644408526114678ff14f7d4c,1
64440ba86114678ff14f801b,6444081c6114678ff14f7c88,644408526114678ff14f7cc7,3
64440ba86114678ff14f801c,6444081c6114678ff14f7c7e,644408526114678ff14f7d5d,3
64440ba86114678ff14f801d,6444081c6114678ff14f7c92,644408526114678ff14f7d12,2
64440ba86114678ff14f801e,6444081c6114678ff14f7c7b,644408526114678ff14f7d67,1
64440ba86114678ff14f801f,6444081c6114678ff14f7c7b,644408526114678ff14f7cd9,3
64440ba86114678ff14f8020,6444081c6114678ff14f7c92,644408526114678ff14f7cf2,2
64440ba86114678ff14f8021,6444081c6114678ff14f7c93,644408526114678ff14f7cad,2
64440ba86114678ff14f8022,6444081c6114678ff14f7c9d,644408526114678ff14f7d37,1
64440ba86114678ff14f8023,6444081c6114678ff14f7c87,644408526114678ff14f7cc6,2
64440ba86114678ff14f8024,6444081c6114678ff14f7c9d,644408526114678ff14f7cad,1
64440ba86114678ff14f8025,6444081c6114678ff14f7c7f,644408526114678ff14f7d5c,2
64440ba86114678ff14f8026,6444081c6114678ff14f7ca4,644408526114678ff14f7ce3,3
64440ba86114678ff14f8027,6444081c6114678ff14f7c83,644408526114678ff14f7d19,2
64440ba86114678ff14f8028,6444081c6114678ff14f7ca4,644408526114678ff14f7d13,1
64440ba86114678ff14f8029,6444081c6114678ff14f7c8d,644408526114678ff14f7d30,1
64440ba86114678ff14f802a,6444081c6114678ff14f7c92,644408526114678ff14f7cb3,2
64440ba86114678ff14f802b,6444081c6114678ff14f7c94,644408526114678ff14f7d6e,3
64440ba86114678ff14f802c,6444081c6114678ff14f7c93,644408526114678ff14f7d16,3
64440ba86114678ff14f802d,6444081c6114678ff14f7c89,644408526114678ff14f7cc5,1
64440ba86114678ff14f802e,6444081c6114678ff14f7c8d,644408526114678ff14f7cd5,1
64440ba86114678ff14f802f,6444081c6114678ff14f7c92,644408526114678ff14f7cfd,3
64440ba86114678ff14f8030,6444081c6114678ff14f7c81,644408526114678ff14f7ce6,2
64440ba86114678ff14f8031,6444081c6114678ff14f7ca3,644408526114678ff14f7cce,1
64440ba86114678ff14f8032,6444081c6114678ff14f7c9c,644408526114678ff14f7cb3,3
64440ba86114678ff14f8033,6444081c6114678ff14f7c83,644408526114678ff14f7ca9,1
64440ba86114678ff14f8034,6444081c6114678ff14f7c92,644408526114678ff14f7cdf,3
64440ba86114678ff14f8035,6444081c6114678ff14f7c7d,644408526114678ff14f7cbb,1
64440ba86114678ff14f8036,6444081c6114678ff14f7c8c,644408526114678ff14f7ce6,2
64440ba86114678ff14f8037,6444081c6114678ff14f7ca5,644408526114678ff14f7d32,3
64440ba86114678ff14f8038,6444081c6114678ff14f7c7d,644408526114678ff14f7d63,1
64440ba86114678ff14f8039,6444081c6114678ff14f7c96,644408526114678ff14f7d6e,3
64440ba86114678ff14f803a,6444081c6114678ff14f7ca3,644408526114678ff14f7d39,2
64440ba86114678ff14f803b,6444081c6114678ff14f7c96,644408526114678ff14f7d28,2
64440ba86114678ff14f803c,6444081c6114678ff14f7c91,644408526114678ff14f7d54,1
64440ba86114678ff14f803d,6444081c6114678ff14f7c82,644408526114678ff14f7d04,1
64440ba86114678ff14f803e,6444081c6114678ff14f7c9d,644408526114678ff14f7cc7,3
64440ba86114678ff14f803f,6444081c6114678ff14f7ca3,644408526114678ff14f7d67,2
64440ba86114678ff14f8040,6444081c6114678ff14f7c87,644408526114678ff14f7d4e,2
64440ba86114678ff14f8041,6444081c6114678ff14f7c7e,644408526114678ff14f7d08,3
64440ba86114678ff14f8042,6444081c6114678ff14f7c9a,644408526114678ff14f7d64,3
64440ba86114678ff14f8043,6444081c6114678ff14f7c7e,644408526114678ff14f7d00,3
64440ba86114678ff14f8044,6444081c6114678ff14f7c85,644408526114678ff14f7d30,3
64440ba86114678ff14f8045,6444081c6114678ff14f7c8e,644408526114678ff14f7d68,2
64440ba86114678ff14f8046,6444081c6114678ff14f7c76,644408526114678ff14f7d18,3
64440ba86114678ff14f8047,6444081c6114678ff14f7c95,644408526114678ff14f7cbd,2
64440ba86114678ff14f8048,6444081c6114678ff14f7c7a,644408526114678ff14f7cf1,1
64440ba86114678ff14f8049,6444081c6114678ff14f7c7b,644408526114678ff14f7d69,1
64440ba86114678ff14f804a,6444081c6114678ff14f7c90,644408526114678ff14f7cdc,2
64440ba86114678ff14f804b,6444081c6114678ff14f7c88,644408526114678ff14f7d13,1
64440ba86114678ff14f804c,6444081c6114678ff14f7ca6,644408526114678ff14f7d61,2
64440ba86114678ff14f804d,6444081c6114678ff14f7c82,644408526114678ff14f7cb7,3
64440ba86114678ff14f804e,6444081c6114678ff14f7c9c,644408526114678ff14f7d3d,3
64440ba86114678ff14f804f,6444081c6114678ff14f7ca6,644408526114678ff14f7cf3,3
64440ba86114678ff14f8050,6444081c6114678ff14f7c81,644408526114678ff14f7d5f,1
64440ba86114678ff14f8051,6444081c6114678ff14f7c87,644408526114678ff14f7ce7,3
64440ba86114678ff14f8052,6444081c6114678ff14f7c78,644408526114678ff14f7cce,3
64440ba86114678ff14f8053,6444081c6114678ff14f7ca0,644408526114678ff14f7ce5,1
64440ba86114678ff14f8054,6444081c6114678ff14f7c86,644408526114678ff14f7d59,2
64440ba86114678ff14f8055,6444081c6114678ff14f7c7c,644408526114678ff14f7d2e,2
64440ba86114678ff14f8056,6444081c6114678ff14f7c9c,644408526114678ff14f7cd3,2
64440ba86114678ff14f8057,6444081c6114678ff14f7c93,644408526114678ff14f7cec,3
64440ba86114678ff14f8058,6444081c6114678ff14f7c78,644408526114678ff14f7cf6,1
64440ba86114678ff14f8059,6444081c6114678ff14f7c89,644408526114678ff14f7d56,2
64440ba86114678ff14f805a,6444081c6114678ff14f7c84,644408526114678ff14f7cda,3
64440ba86114678ff14f805b,6444081c6114678ff14f7c99,644408526114678ff14f7cb2,3
64440ba86114678ff14f805c,6444081c6114678ff14f7ca4,644408526114678ff14f7d37,2
64440ba86114678ff14f805d,6444081c6114678ff14f7ca5,644408526114678ff14f7d00,3
64440ba86114678ff14f805e,6444081c6114678ff14f7c77,644408526114678ff14f7cbd,2
64440ba86114678ff14f805f,6444081c6114678ff14f7c8c,644408526114678ff14f7cff,1
64440ba86114678ff14f8060,6444081c6114678ff14f7c96,644408526114678ff14f7cbb,2
64440ba86114678ff14f8061,6444081c6114678ff14f7c8c,644408526114678ff14f7d3c,1
64440ba86114678ff14f8062,6444081c6114678ff14f7c98,644408526114678ff14f7d6e,2
64440ba86114678ff14f8063,6444081c6114678ff14f7c98,644408526114678ff14f7cd1,3
64440ba86114678ff14f8064,6444081c6114678ff14f7c9a,644408526114678ff14f7ca9,3
64440ba86114678ff14f8065,6444081c6114678ff14f7c85,644408526114678ff14f7ccc,1
64440ba86114678ff14f8066,6444081c6114678ff14f7c8b,644408526114678ff14f7cae,3
64440ba86114678ff14f8067,6444081c6114678ff14f7c94,644408526114678ff14f7cac,3
64440ba86114678ff14f8068,6444081c6114678ff14f7c94,644408526114678ff14f7d07,2
64440ba86114678ff14f8069,6444081c6114678ff14f7ca0,644408526114678ff14f7d3d,1
64440ba86114678ff14f806a,6444081c6114678ff14f7c8b,644408526114678ff14f7ce1,3
64440ba86114678ff14f806b,6444081c6114678ff14f7ca6,644408526114678ff14f7d59,3
64440ba86114678ff14f806c,6444081c6114678ff14f7c9d,644408526114678ff14f7cd7,3
64440ba86114678ff14f806d,6444081c6114678ff14f7c78,644408526114678ff14f7d69,1
64440ba86114678ff14f806e,6444081c6114678ff14f7ca6,644408526114678ff14f7d0b,2
64440ba86114678ff14f806f,6444081c6114678ff14f7ca2,644408526114678ff14f7cb6,2
64440ba86114678ff14f8070,6444081c6114678ff14f7c77,644408526114678ff14f7d65,3
64440ba86114678ff14f8071,6444081c6114678ff14f7c99,644408526114678ff14f7ce5,1
64440ba86114678ff14f8072,6444081c6114678ff14f7c94,644408526114678ff14f7cf4,2
64440ba86114678ff14f8073,6444081c6114678ff14f7c75,644408526114678ff14f7d31,2
64440ba86114678ff14f8074,6444081c6114678ff14f7c89,644408526114678ff14f7cd1,3
64440ba86114678ff14f8075,6444081c6114678ff14f7c83,644408526114678ff14f7d43,1
64440ba86114678ff14f8076,6444081c6114678ff14f7c9f,644408526114678ff14f7d04,3
64440ba86114678ff14f8077,6444081c6114678ff14f7c7d,644408526114678ff14f7cc7,1
64440ba86114678ff14f8078,6444081c6114678ff14f7c7f,644408526114678ff14f7d6f,1
64440ba86114678ff14f8079,6444081c6114678ff14f7c8b,644408526114678ff14f7d5a,3
64440ba86114678ff14f807a,6444081c6114678ff14f7ca0,644408526114678ff14f7d39,1
64440ba86114678ff14f807b,6444081c6114678ff14f7c89,644408526114678ff14f7cd2,3
64440ba86114678ff14f807c,6444081c6114678ff14f7c7c,644408526114678ff14f7d18,1
64440ba86114678ff14f807d,6444081c6114678ff14f7c8b,644408526114678ff14f7d01,2
64440ba86114678ff14f807e,6444081c6114678ff14f7ca5,644408526114678ff14f7d49,1
64440ba86114678ff14f807f,6444081c6114678ff14f7c7a,644408526114678ff14f7d6b,3
64440ba86114678ff14f8080,6444081c6114678ff14f7c8e,644408526114678ff14f7d5e,3
64440ba86114678ff14f8081,6444081c6114678ff14f7c8d,644408526114678ff14f7cf6,1
64440ba86114678ff14f8082,6444081c6114678ff14f7c7a,644408526114678ff14f7ce2,2
64440ba86114678ff14f8083,6444081c6114678ff14f7c84,644408526114678ff14f7d46,2
64440ba86114678ff14f8084,6444081c6114678ff14f7c77,644408526114678ff14f7d44,2
64440ba86114678ff14f8085,6444081c6114678ff14f7c8c,644408526114678ff14f7d3f,1
64440ba86114678ff14f8086,6444081c6114678ff14f7c83,644408526114678ff14f7d1e,2
64440ba86114678ff14f8087,6444081c6114678ff14f7c9a,644408526114678ff14f7d08,3
64440ba86114678ff14f8088,6444081c6114678ff14f7c80,644408526114678ff14f7d1d,2
64440ba86114678ff14f8089,6444081c6114678ff14f7c78,644408526114678ff14f7ce7,2
64440ba86114678ff14f808a,6444081c6114678ff14f7c90,644408526114678ff14f7cde,2
64440ba86114678ff14f808b,6444081c6114678ff14f7c7d,644408526114678ff14f7cf6,3
64440ba86114678ff14f808c,6444081c6114678ff14f7ca5,644408526114678ff14f7d13,1
64440ba86114678ff14f808d,6444081c6114678ff14f7c85,644408526114678ff14f7d5a,3
64440ba86114678ff14f808e,6444081c6114678ff14f7c79,644408526114678ff14f7cad,3
64440ba86114678ff14f808f,6444081c6114678ff14f7c89,644408526114678ff14f7d43,2
64440ba86114678ff14f8090,6444081c6114678ff14f7c9b,644408526114678ff14f7cc0,2
64440ba86114678ff14f8091,6444081c6114678ff14f7ca3,644408526114678ff14f7d27,2
64440ba86114678ff14f8092,6444081c6114678ff14f7c95,644408526114678ff14f7cd8,2
64440ba86114678ff14f8093,6444081c6114678ff14f7c81,644408526114678ff14f7d64,3
64440ba86114678ff14f8094,6444081c6114678ff14f7c8a,644408526114678ff14f7d21,1
64440ba86114678ff14f8095,6444081c6114678ff14f7c8f,644408526114678ff14f7d1d,1
64440ba86114678ff14f8096,6444081c6114678ff14f7c81,644408526114678ff14f7ce9,3
64440ba86114678ff14f8097,6444081c6114678ff14f7c92,644408526114678ff14f7cea,3
64440ba86114678ff14f8098,6444081c6114678ff14f7ca6,644408526114678ff14f7d4a,1
64440ba86114678ff14f8099,6444081c6114678ff14f7c85,644408526114678ff14f7d6a,1
64440ba86114678ff14f809a,6444081c6114678ff14f7c90,644408526114678ff14f7caf,2
64440ba86114678ff14f809b,6444081c6114678ff14f7c9f,644408526114678ff14f7d23,1
64440ba86114678ff14f809c,6444081c6114678ff14f7c91,644408526114678ff14f7d66,1
64440ba86114678ff14f809d,6444081c6114678ff14f7c77,644408526114678ff14f7cab,1
64440ba86114678ff14f809e,6444081c6114678ff14f7c85,644408526114678ff14f7ccc,2
64440ba86114678ff14f809f,6444081c6114678ff14f7ca1,644408526114678ff14f7d30,2
64440ba86114678ff14f80a0,6444081c6114678ff14f7c99,644408526114678ff14f7cee,3
64440ba86114678ff14f80a1,6444081c6114678ff14f7c7f,644408526114678ff14f7d20,3
64440ba86114678ff14f80a2,6444081c6114678ff14f7c79,644408526114678ff14f7d23,3
64440ba86114678ff14f80a3,6444081c6114678ff14f7c84,644408526114678ff14f7d4b,1
64440ba86114678ff14f80a4,6444081c6114678ff14f7c95,644408526114678ff14f7d34,3
64440ba86114678ff14f80a5,6444081c6114678ff14f7c7d,644408526114678ff14f7ce5,3
64440ba86114678ff14f80a6,6444081c6114678ff14f7c90,644408526114678ff14f7cf0,2
64440ba86114678ff14f80a7,6444081c6114678ff14f7c8c,644408526114678ff14f7d40,3
64440ba86114678ff14f80a8,6444081c6114678ff14f7ca0,644408526114678ff14f7d11,1
64440ba86114678ff14f80a9,6444081c6114678ff14f7c75,644408526114678ff14f7d0f,1
64440ba86114678ff14f80aa,6444081c6114678ff14f7c81,644408526114678ff14f7cce,2
64440ba86114678ff14f80ab,6444081c6114678ff14f7c78,644408526114678ff14f7d24,2
64440ba86114678ff14f80ac,6444081c6114678ff14f7c8b,644408526114678ff14f7d5a,1
64440ba86114678ff14f80ad,6444081c6114678ff14f7c86,644408526114678ff14f7cb9,2
64440ba86114678ff14f80ae,6444081c6114678ff14f7c90,644408526114678ff14f7d41,2
64440ba86114678ff14f80af,6444081c6114678ff14f7c9c,644408526114678ff14f7cc9,1
64440ba86114678ff14f80b0,6444081c6114678ff14f7c9a,644408526114678ff14f7cd9,1
64440ba86114678ff14f80b1,6444081c6114678ff14f7c93,644408526114678ff14f7d41,2
64440ba86114678ff14f80b2,6444081c6114678ff14f7c91,644408526114678ff14f7d4a,1
64440ba86114678ff14f80b3,6444081c6114678ff14f7c77,644408526114678ff14f7d68,3
64440ba86114678ff14f80b4,6444081c6114678ff14f7c9e,644408526114678ff14f7cd5,3
64440ba86114678ff14f80b5,6444081c6114678ff14f7c9b,644408526114678ff14f7d18,2
64440ba86114678ff14f80b6,6444081c6114678ff14f7c9f,644408526114678ff14f7d22,3
64440ba86114678ff14f80b7,6444081c6114678ff14f7c9c,644408526114678ff14f7cdf,3
64440ba86114678ff14f80b8,6444081c6114678ff14f7ca1,644408526114678ff14f7d68,3
64440ba86114678ff14f80b9,6444081c6114678ff14f7c81,644408526114678ff14f7cbc,3
64440ba86114678ff14f80ba,6444081c6114678ff14f7c91,644408526114678ff14f7d13,3
64440ba86114678ff14f80bb,6444081c6114678ff14f7c8c,644408526114678ff14f7cac,2
64440ba86114678ff14f80bc,6444081c6114678ff14f7c83,644408526114678ff14f7d09,1
64440ba86114678ff14f80bd,6444081c6114678ff14f7c8c,644408526114678ff14f7d69,2
64440ba86114678ff14f80be,6444081c6114678ff14f7c94,644408526114678ff14f7ce6,3
64440ba86114678ff14f80bf,6444081c6114678ff14f7c9c,644408526114678ff14f7cec,3
64440ba86114678ff14f80c0,6444081c6114678ff14f7c81,644408526114678ff14f7d18,3
64440ba86114678ff14f80c1,6444081c6114678ff14f7c9a,644408526114678ff14f7d61,3
64440ba86114678ff14f80c2,6444081c6114678ff14f7c7e,644408526114678ff14f7cc3,2
64440ba86114678ff14f80c3,6444081c6114678ff14f7c8d,644408526114678ff14f7d13,2
64440ba86114678ff14f80c4,6444081c6114678ff14f7c7d,644408526114678ff14f7d4d,3
64440ba86114678ff14f80c5,6444081c6114678ff14f7c75,644408526114678ff14f7d15,3
64440ba86114678ff14f80c6,6444081c6114678ff14f7ca3,644408526114678ff14f7cdd,3
64440ba86114678ff14f80c7,6444081c6114678ff14f7c7f,644408526114678ff14f7d24,2
64440ba86114678ff14f80c8,6444081c6114678ff14f7c86,644408526114678ff14f7d5d,1
64440ba86114678ff14f80c9,6444081c6114678ff14f7c7a,644408526114678ff14f7d38,3
64440ba86114678ff14f80ca,6444081c6114678ff14f7c77,644408526114678ff14f7d0f,1
64440ba86114678ff14f80cb,6444081c6114678ff14f7c9c,644408526114678ff14f7d63,3
64440ba86114678ff14f80cc,6444081c6114678ff14f7c91,644408526114678ff14f7cbf,2
64440ba86114678ff14f80cd,6444081c6114678ff14f7c80,644408526114678ff14f7d19,3
64440ba86114678ff14f80ce,6444081c6114678ff14f7c96,644408526114678ff14f7d4d,2
64440ba86114678ff14f80cf,6444081c6114678ff14f7c85,644408526114678ff14f7ce5,3
64440ba86114678ff14f80d0,6444081c6114678ff14f7c93,644408526114678ff14f7cbb,1
64440ba86114678ff14f80d1,6444081c6114678ff14f7c85,644408526114678ff14f7d1f,2
64440ba86114678ff14f80d2,6444081c6114678ff14f7ca3,644408526114678ff14f7d6c,1
64440ba86114678ff14f80d3,6444081c6114678ff14f7c90,644408526114678ff14f7ce2,2
64440ba86114678ff14f80d4,6444081c6114678ff14f7c83,644408526114678ff14f7d38,2
64440ba86114678ff14f80d5,6444081c6114678ff14f7c8f,644408526114678ff14f7ce4,3
64440ba86114678ff14f80d6,6444081c6114678ff14f7c92,644408526114678ff14f7cf0,2
64440ba86114678ff14f80d7,6444081c6114678ff14f7c8c,644408526114678ff14f7cd3,1
64440ba86114678ff14f80d8,6444081c6114678ff14f7c9b,644408526114678ff14f7d34,3
64440ba86114678ff14f80d9,6444081c6114678ff14f7c92,644408526114678ff14f7d26,1
64440ba86114678ff14f80da,6444081c6114678ff14f7c97,644408526114678ff14f7d5f,2
64440ba86114678ff14f80db,6444081c6114678ff14f7c9b,644408526114678ff14f7d3c,2
64440ba86114678ff14f80dc,6444081c6114678ff14f7c94,644408526114678ff14f7cec,2
64440ba86114678ff14f80dd,6444081c6114678ff14f7c9e,644408526114678ff14f7d20,3
64440ba86114678ff14f80de,6444081c6114678ff14f7c87,644408526114678ff14f7ccd,2
64440ba86114678ff14f80df,6444081c6114678ff14f7c79,644408526114678ff14f7d40,2
64440ba86114678ff14f80e0,6444081c6114678ff14f7c8a,644408526114678ff14f7d28,3
64440ba86114678ff14f80e1,6444081c6114678ff14f7c7d,644408526114678ff14f7d30,1
64440ba86114678ff14f80e2,6444081c6114678ff14f7c99,644408526114678ff14f7cbc,1
64440ba86114678ff14f80e3,6444081c6114678ff14f7c99,644408526114678ff14f7cf2,2
64440ba86114678ff14f80e4,6444081c6114678ff14f7c7b,644408526114678ff14f7d11,3
64440ba86114678ff14f80e5,6444081c6114678ff14f7c89,644408526114678ff14f7d12,1
64440ba86114678ff14f80e6,6444081c6114678ff14f7c9e,644408526114678ff14f7d1f,3
64440ba86114678ff14f80e7,6444081c6114678ff14f7c89,644408526114678ff14f7ce2,2
64440ba86114678ff14f80e8,6444081c6114678ff14f7c7a,644408526114678ff14f7d15,3
64440ba86114678ff14f80e9,6444081c6114678ff14f7c96,644408526114678ff14f7cc8,3
64440ba86114678ff14f80ea,6444081c6114678ff14f7c8e,644408526114678ff14f7cce,2
64440ba86114678ff14f80eb,6444081c6114678ff14f7c7d,644408526114678ff14f7d21,2
64440ba86114678ff14f80ec,6444081c6114678ff14f7c8f,644408526114678ff14f7d16,2
64440ba86114678ff14f80ed,6444081c6114678ff14f7c9d,644408526114678ff14f7d6a,2
64440ba86114678ff14f80ee,6444081c6114678ff14f7c87,644408526114678ff14f7cfd,2
64440ba86114678ff14f80ef,6444081c6114678ff14f7c93,644408526114678ff14f7d43,1
64440ba86114678ff14f80f0,6444081c6114678ff14f7c99,644408526114678ff14f7d3d,2
64440ba86114678ff14f80f1,6444081c6114678ff14f7c79,644408526114678ff14f7d23,2
64440ba86114678ff14f80f2,6444081c6114678ff14f7c8a,644408526114678ff14f7d21,3
64440ba86114678ff14f80f3,6444081c6114678ff14f7c82,644408526114678ff14f7cd3,3
64440ba86114678ff14f80f4,6444081c6114678ff14f7c8f,644408526114678ff14f7cf0,2
64440ba86114678ff14f80f5,6444081c6114678ff14f7c8f,644408526114678ff14f7d1d,3
64440ba86114678ff14f80f6,6444081c6114678ff14f7c7f,644408526114678ff14f7d5b,1
64440ba86114678ff14f80f7,6444081c6114678ff14f7ca5,644408526114678ff14f7d3c,2
64440ba86114678ff14f80f8,6444081c6114678ff14f7c8e,644408526114678ff14f7cb4,3
64440ba86114678ff14f80f9,6444081c6114678ff14f7ca6,644408526114678ff14f7d6a,3
64440ba86114678ff14f80fa,6444081c6114678ff14f7c82,644408526114678ff14f7cd6,1
64440ba86114678ff14f80fb,6444081c6114678ff14f7c85,644408526114678ff14f7d06,3
64440ba86114678ff14f80fc,6444081c6114678ff14f7c88,644408526114678ff14f7d25,2
64440ba86114678ff14f80fd,6444081c6114678ff14f7c78,644408526114678ff14f7cfb,1
64440ba86114678ff14f80fe,6444081c6114678ff14f7ca3,644408526114678ff14f7d01,2
64440ba86114678ff14f80ff,6444081c6114678ff14f7c93,644408526114678ff14f7d09,3
64440ba86114678ff14f8100,6444081c6114678ff14f7c7e,644408526114678ff14f7d5a,2
64440ba86114678ff14f8101,6444081c6114678ff14f7c9f,644408526114678ff14f7d4c,3
64440ba86114678ff14f8102,6444081c6114678ff14f7ca2,644408526114678ff14f7d17,3
64440ba86114678ff14f8103,6444081c6114678ff14f7c7e,644408526114678ff14f7caf,2
64440ba86114678ff14f8104,6444081c6114678ff14f7c81,644408526114678ff14f7d1a,2
64440ba86114678ff14f8105,6444081c6114678ff14f7c9e,644408526114678ff14f7cf0,3
64440ba86114678ff14f8106,6444081c6114678ff14f7c76,644408526114678ff14f7cec,1
64440ba86114678ff14f8107,6444081c6114678ff14f7c7b,644408526114678ff14f7d30,2
64440ba86114678ff14f8108,6444081c6114678ff14f7c87,644408526114678ff14f7d25,3
64440ba86114678ff14f8109,6444081c6114678ff14f7c9a,644408526114678ff14f7cbb,2
64440ba86114678ff14f810a,6444081c6114678ff14f7c8f,644408526114678ff14f7caf,1
64440ba86114678ff14f810b,6444081c6114678ff14f7c7a,644408526114678ff14f7d4d,3
64440ba86114678ff14f810c,6444081c6114678ff14f7c86,644408526114678ff14f7d5a,1
64440ba86114678ff14f810d,6444081c6114678ff14f7c78,644408526114678ff14f7d14,2
64440ba86114678ff14f810e,6444081c6114678ff14f7c77,644408526114678ff14f7cef,2
64440ba86114678ff14f810f,6444081c6114678ff14f7c7d,644408526114678ff14f7cd2,3
64440ba86114678ff14f8110,6444081c6114678ff14f7c7f,644408526114678ff14f7cef,2
64440ba86114678ff14f8111,6444081c6114678ff14f7c85,644408526114678ff14f7d51,2
64440ba86114678ff14f8112,6444081c6114678ff14f7c98,644408526114678ff14f7cac,1
64440ba86114678ff14f8113,6444081c6114678ff14f7c8b,644408526114678ff14f7d52,3
64440ba86114678ff14f8114,6444081c6114678ff14f7c8b,644408526114678ff14f7cea,3
64440ba86114678ff14f8115,6444081c6114678ff14f7c87,644408526114678ff14f7cc9,1
64440ba86114678ff14f8116,6444081c6114678ff14f7c76,644408526114678ff14f7d67,2
64440ba86114678ff14f8117,6444081c6114678ff14f7c98,644408526114678ff14f7d6f,3
64440ba86114678ff14f8118,6444081c6114678ff14f7c88,644408526114678ff14f7d31,2
64440ba86114678ff14f8119,6444081c6114678ff14f7c76,644408526114678ff14f7cd4,1
64440ba86114678ff14f811a,6444081c6114678ff14f7c96,644408526114678ff14f7cb1,2
64440ba86114678ff14f811b,6444081c6114678ff14f7c8b,644408526114678ff14f7ce0,2
64440ba86114678ff14f811c,6444081c6114678ff14f7ca6,644408526114678ff14f7d66,3
64440ba86114678ff14f811d,6444081c6114678ff14f7c9c,644408526114678ff14f7cfc,2
64440ba86114678ff14f811e,6444081c6114678ff14f7c7d,644408526114678ff14f7d59,2
64440ba86114678ff14f811f,6444081c6114678ff14f7c9a,644408526114678ff14f7cee,2
64440ba86114678ff14f8120,6444081c6114678ff14f7c9d,644408526114678ff14f7d2e,2
64440ba86114678ff14f8121,6444081c6114678ff14f7c92,644408526114678ff14f7d3b,1
64440ba86114678ff14f8122,6444081c6114678ff14f7c7f,644408526114678ff14f7d46,1
64440ba86114678ff14f8123,6444081c6114678ff14f7c9e,644408526114678ff14f7ce0,1
64440ba86114678ff14f8124,6444081c6114678ff14f7c81,644408526114678ff14f7cfa,3
64440ba86114678ff14f8125,6444081c6114678ff14f7c9d,644408526114678ff14f7cb9,1
64440ba86114678ff14f8126,6444081c6114678ff14f7c94,644408526114678ff14f7cd7,2
64440ba86114678ff14f8127,6444081c6114678ff14f7c86,644408526114678ff14f7d69,2
64440ba86114678ff14f8128,6444081c6114678ff14f7c93,644408526114678ff14f7d08,1
64440ba86114678ff14f8129,6444081c6114678ff14f7c98,644408526114678ff14f7d16,1
64440ba86114678ff14f812a,6444081c6114678ff14f7c87,644408526114678ff14f7cd0,3
64440ba86114678ff14f812b,6444081c6114678ff14f7c98,644408526114678ff14f7cf9,1
64440ba86114678ff14f812c,6444081c6114678ff14f7c98,644408526114678ff14f7ccd,3
64440ba86114678ff14f812d,6444081c6114678ff14f7c7f,644408526114678ff14f7d69,1
64440ba86114678ff14f812e,6444081c6114678ff14f7ca1,644408526114678ff14f7cbe,2
64440ba86114678ff14f812f,6444081c6114678ff14f7c7b,644408526114678ff14f7ccd,1
64440ba86114678ff14f8130,6444081c6114678ff14f7c99,644408526114678ff14f7ccc,3
64440ba86114678ff14f8131,6444081c6114678ff14f7c88,644408526114678ff14f7cb7,2
64440ba86114678ff14f8132,6444081c6114678ff14f7c7d,644408526114678ff14f7d23,3
64440ba86114678ff14f8133,6444081c6114678ff14f7c88,644408526114678ff14f7cca,2
64440ba86114678ff14f8134,6444081c6114678ff14f7c84,644408526114678ff14f7cd7,2
64440ba86114678ff14f8135,6444081c6114678ff14f7c7c,644408526114678ff14f7d48,2
64440ba86114678ff14f8136,6444081c6114678ff14f7c85,644408526114678ff14f7d4a,1
64440ba86114678ff14f8137,6444081c6114678ff14f7c7a,644408526114678ff14f7d15,3
64440ba86114678ff14f8138,6444081c6114678ff14f7c7e,644408526114678ff14f7d6e,3
64440ba86114678ff14f8139,6444081c6114678ff14f7c94,644408526114678ff14f7d6d,2
64440ba86114678ff14f813a,6444081c6114678ff14f7c89,644408526114678ff14f7cde,1
64440ba86114678ff14f813b,6444081c6114678ff14f7c75,644408526114678ff14f7d4c,2
64440ba86114678ff14f813c,6444081c6114678ff14f7c9c,644408526114678ff14f7cf3,3
64440ba86114678ff14f813d,6444081c6114678ff14f7c95,644408526114678ff14f7d43,2
64440ba86114678ff14f813e,6444081c6114678ff14f7ca1,644408526114678ff14f7d66,1
64440ba86114678ff14f813f,6444081c6114678ff14f7c7c,644408526114678ff14f7d48,3
64440ba86114678ff14f8140,6444081c6114678ff14f7c92,644408526114678ff14f7cb9,1
64440ba86114678ff14f8141,6444081c6114678ff14f7ca5,644408526114678ff14f7cea,1
64440ba86114678ff14f8142,6444081c6114678ff14f7c92,644408526114678ff14f7d0b,1
64440ba86114678ff14f8143,6444081c6114678ff14f7c85,644408526114678ff14f7d0e,3
64440ba86114678ff14f8144,6444081c6114678ff14f7c85,644408526114678ff14f7cda,2
64440ba86114678ff14f8145,6444081c6114678ff14f7c92,644408526114678ff14f7cfa,1
64440ba86114678ff14f8146,6444081c6114678ff14f7c7b,644408526114678ff14f7d4e,1
64440ba86114678ff14f8147,6444081c6114678ff14f7c7f,644408526114678ff14f7d05,1
64440ba86114678ff14f8148,6444081c6114678ff14f7c96,644408526114678ff14f7d3e,2
64440ba86114678ff14f8149,6444081c6114678ff14f7c8c,644408526114678ff14f7d2f,1
64440ba86114678ff14f814a,6444081c6114678ff14f7c97,644408526114678ff14f7d2a,2
64440ba86114678ff14f814b,6444081c6114678ff14f7c9f,644408526114678ff14f7d57,2
64440ba86114678ff14f814c,6444081c6114678ff14f7c93,644408526114678ff14f7cb6,2
64440ba86114678ff14f814d,6444081c6114678ff14f7c8d,644408526114678ff14f7cf1,2
64440ba86114678ff14f814e,6444081c6114678ff14f7c75,644408526114678ff14f7d1f,2
64440ba86114678ff14f814f,6444081c6114678ff14f7c8a,644408526114678ff14f7ce9,1
64440ba86114678ff14f8150,6444081c6114678ff14f7c84,644408526114678ff14f7d3b,1
64440ba86114678ff14f8151,6444081c6114678ff14f7c87,644408526114678ff14f7d30,3
64440ba86114678ff14f8152,6444081c6114678ff14f7c7d,644408526114678ff14f7ce6,2
64440ba86114678ff14f8153,6444081c6114678ff14f7ca3,644408526114678ff14f7d2c,1
64440ba86114678ff14f8154,6444081c6114678ff14f7c7a,644408526114678ff14f7d67,2
64440ba86114678ff14f8155,6444081c6114678ff14f7c7e,644408526114678ff14f7d28,2
64440ba86114678ff14f8156,6444081c6114678ff14f7c7f,644408526114678ff14f7d70,3
64440ba86114678ff14f8157,6444081c6114678ff14f7c86,644408526114678ff14f7cf0,2
64440ba86114678ff14f8158,6444081c6114678ff14f7c79,644408526114678ff14f7d29,3
64440ba86114678ff14f8159,6444081c6114678ff14f7c75,644408526114678ff14f7cd1,2
64440ba86114678ff14f815a,6444081c6114678ff14f7c98,644408526114678ff14f7d56,1
64440ba86114678ff14f815b,6444081c6114678ff14f7c90,644408526114678ff14f7d38,2
64440ba86114678ff14f815c,6444081c6114678ff14f7c9b,644408526114678ff14f7d6a,1
64440ba86114678ff14f815d,6444081c6114678ff14f7c8c,644408526114678ff14f7cd2,1
